Very happy,Very satisfied,Very satisfied,Very satisfied,Very satisfied,A fair amount
Somewhat happy,Very satisfied,Very satisfied,Somewhat satisfied,Very satisfied,A lot
Very happy,Very satisfied,Very satisfied,Very satisfied,Very satisfied,Just a few
Very happy,Very satisfied,Very satisfied,Very satisfied,Very satisfied,A lot
Somewhat happy,Somewhat satisfied,Very satisfied,Very satisfied,Very satisfied,A fair amount
Very happy,Very satisfied,Somewhat satisfied,Somewhat satisfied,Very satisfied,No one
Very happy,Very satisfied,Very satisfied,Very satisfied,Very satisfied,A lot
Somewhat happy,Very satisfied,Very satisfied,Very satisfied,Very satisfied,A fair amount
Somewhat happy,Somewhat satisfied,Somewhat satisfied,Somewhat satisfied,Somewhat satisfied,Just a few
Somewhat happy,Somewhat satisfied,Somewhat satisfied,Very satisfied,Very satisfied,A fair amount
Very happy,Very satisfied,Very satisfied,Very satisfied,Very satisfied,A lot
Very happy,Very satisfied,Very satisfied,Very satisfied,Very satisfied,Not sure
Not too happy,Very satisfied,Somewhat satisfied,Very satisfied,Very satisfied,A lot
Very happy,Somewhat satisfied,Somewhat satisfied,Somewhat satisfied,Somewhat dissatisfied,Just a few
Somewhat happy,Very satisfied,Somewhat dissatisfied,Somewhat satisfied,Somewhat satisfied,Just a few
Somewhat happy,Somewhat satisfied,Very satisfied,Very satisfied,Somewhat satisfied,A fair amount
Very happy,Very satisfied,Very satisfied,Very satisfied,Very satisfied,Just a few
Very happy,Very satisfied,Very satisfied,Very satisfied,Very satisfied,Declined to answer
Somewhat happy,Somewhat satisfied,Somewhat satisfied,Somewhat satisfied,Somewhat satisfied,Just a few
Somewhat happy,Somewhat dissatisfied,Somewhat dissatisfied,Somewhat satisfied,Somewhat satisfied,Just a few
Somewhat happy,Very satisfied,Somewhat satisfied,Very satisfied,Somewhat dissatisfied,Just a few
Very happy,Very satisfied,Very satisfied,Very satisfied,Very satisfied,A fair amount
Very happy,Very satisfied,Very satisfied,Very satisfied,Very satisfied,A lot
Not too happy,Somewhat dissatisfied,Very dissatisfied,Declined to answer,Very dissatisfied,Just a few
Very happy,Somewhat satisfied,Somewhat satisfied,Very satisfied,Very satisfied,A fair amount
Very happy,Very satisfied,Somewhat satisfied,Somewhat satisfied,Very satisfied,No one
Somewhat happy,Very satisfied,Somewhat satisfied,Somewhat satisfied,Very satisfied,Just a few
Somewhat happy,Somewhat dissatisfied,Somewhat dissatisfied,Very satisfied,Somewhat dissatisfied,A fair amount
Somewhat happy,Somewhat satisfied,Somewhat satisfied,Somewhat dissatisfied,Somewhat satisfied,Just a few
Somewhat happy,Very satisfied,Somewhat dissatisfied,Somewhat satisfied,Somewhat satisfied,A lot
Very happy,Very satisfied,Very satisfied,Very satisfied,Very satisfied,A fair amount
Very happy,Very satisfied,Somewhat dissatisfied,Somewhat satisfied,Somewhat satisfied,A lot
Very happy,Very satisfied,Somewhat satisfied,Very satisfied,Somewhat satisfied,A fair amount
Somewhat happy,Very satisfied,Somewhat dissatisfied,Very satisfied,Somewhat satisfied,A lot
Somewhat happy,Somewhat satisfied,Somewhat satisfied,Somewhat satisfied,Very satisfied,A fair amount
Very happy,Very satisfied,Very satisfied,Very satisfied,Very satisfied,A lot
Very happy,Very satisfied,Very satisfied,Very satisfied,Very satisfied,A lot
Very happy,Very satisfied,Somewhat satisfied,Very satisfied,Very satisfied,A lot
Very happy,Very satisfied,Somewhat satisfied,Very satisfied,Very satisfied,A fair amount
Somewhat happy,Very satisfied,Very satisfied,Very satisfied,Very satisfied,A lot
Very happy,Very satisfied,Somewhat satisfied,Very satisfied,Somewhat satisfied,A fair amount
Very happy,Very satisfied,Very satisfied,Very satisfied,Very satisfied,A lot
Somewhat happy,Very satisfied,Very satisfied,Very satisfied,Very satisfied,A lot
Very happy,Very satisfied,Very satisfied,Declined to answer,Very satisfied,A fair amount
Very happy,Very satisfied,Not sure,Not sure,Very satisfied,A lot
Very happy,Somewhat satisfied,Very satisfied,Very satisfied,Very satisfied,A fair amount
Very happy,Very satisfied,Very satisfied,Very satisfied,Very satisfied,Just a few
Very happy,Very satisfied,Very satisfied,Somewhat satisfied,Very satisfied,Just a few
Very happy,Very satisfied,Very satisfied,Very satisfied,Very satisfied,A lot
Very happy,Very satisfied,Very satisfied,Very satisfied,Very satisfied,A lot
Very happy,Very satisfied,Very satisfied,Very satisfied,Somewhat satisfied,A fair amount
Somewhat happy,Very satisfied,Somewhat satisfied,Very satisfied,Very satisfied,A fair amount
Somewhat happy,Very satisfied,Somewhat satisfied,Very satisfied,Very satisfied,Just a few
Very happy,Very satisfied,Somewhat satisfied,Very satisfied,Very satisfied,Just a few
Somewhat happy,Very satisfied,Somewhat satisfied,Somewhat satisfied,Somewhat satisfied,A fair amount
Very happy,Very satisfied,Somewhat satisfied,Very satisfied,Very satisfied,Just a few
Somewhat happy,Very satisfied,Very satisfied,Very satisfied,Very satisfied,A lot
Very happy,Very satisfied,Somewhat satisfied,Somewhat satisfied,Very satisfied,A fair amount
Not too happy,Very satisfied,Very satisfied,Somewhat satisfied,Very satisfied,A lot
Not too happy,Somewhat dissatisfied,Very dissatisfied,Somewhat dissatisfied,Somewhat dissatisfied,Just a few
Somewhat happy,Very satisfied,Somewhat dissatisfied,Somewhat satisfied,Somewhat dissatisfied,A fair amount
Very happy,Somewhat satisfied,Somewhat satisfied,Somewhat satisfied,Very satisfied,Just a few
Very happy,Very satisfied,Somewhat satisfied,Very satisfied,Very satisfied,A fair amount
Somewhat happy,Very satisfied,Somewhat satisfied,Somewhat dissatisfied,Somewhat satisfied,Just a few
Somewhat happy,Very satisfied,Somewhat satisfied,Very satisfied,Very satisfied,A lot
Not too happy,Very dissatisfied,Very dissatisfied,Very dissatisfied,Somewhat dissatisfied,No one
Somewhat happy,Somewhat satisfied,Somewhat satisfied,Somewhat satisfied,Very satisfied,A fair amount
Somewhat happy,Somewhat satisfied,Very satisfied,Very satisfied,Very satisfied,A lot
Somewhat happy,Very satisfied,Somewhat dissatisfied,Not sure,Very satisfied,Just a few
Somewhat happy,Very satisfied,Somewhat dissatisfied,Somewhat satisfied,Very satisfied,A fair amount
Very happy,Very satisfied,Very satisfied,Not sure,Very satisfied,A fair amount
Somewhat happy,Very satisfied,Somewhat satisfied,Very satisfied,Very satisfied,A fair amount
Very happy,Very satisfied,Somewhat satisfied,Very satisfied,Very satisfied,A lot
Very happy,Very satisfied,Somewhat satisfied,Very satisfied,Very satisfied,A fair amount
Not too happy,Very satisfied,Very dissatisfied,Somewhat satisfied,Very satisfied,Just a few
Not too happy,Very satisfied,Somewhat satisfied,Very satisfied,Very satisfied,Just a few
Very happy,Very satisfied,Very satisfied,Very satisfied,Very satisfied,Just a few
Very happy,Very satisfied,Very satisfied,Very satisfied,Very satisfied,A fair amount
Very happy,Very satisfied,Very satisfied,Very satisfied,Very satisfied,A lot
Very happy,Somewhat dissatisfied,Somewhat dissatisfied,Somewhat satisfied,Very satisfied,A lot
Somewhat happy,Somewhat satisfied,Somewhat dissatisfied,Very satisfied,Very satisfied,A fair amount
Very happy,Somewhat satisfied,Very satisfied,Very satisfied,Very satisfied,A lot
Somewhat happy,Somewhat satisfied,Somewhat satisfied,Very satisfied,Somewhat satisfied,Just a few
Very happy,Very satisfied,Somewhat satisfied,Very satisfied,Very satisfied,A lot
Somewhat happy,Somewhat dissatisfied,Very dissatisfied,Very dissatisfied,Somewhat dissatisfied,No one
Somewhat happy,Somewhat satisfied,Somewhat satisfied,Not sure,Very satisfied,Just a few
Somewhat happy,Somewhat satisfied,Somewhat satisfied,Very satisfied,Very satisfied,A fair amount
Very happy,Very satisfied,Very satisfied,Very satisfied,Very satisfied,A fair amount
Not too happy,Somewhat satisfied,Somewhat dissatisfied,Very dissatisfied,Very dissatisfied,Just a few
Very happy,Very satisfied,Somewhat satisfied,Very satisfied,Somewhat satisfied,A fair amount
Somewhat happy,Very satisfied,Somewhat satisfied,Very satisfied,Somewhat satisfied,A fair amount
Very happy,Very satisfied,Somewhat satisfied,Very satisfied,Very satisfied,A lot
Very happy,Very satisfied,Very satisfied,Very satisfied,Very satisfied,A lot
Very happy,Very satisfied,Very satisfied,Very satisfied,Very satisfied,A lot
Very happy,Very satisfied,Somewhat satisfied,Very satisfied,Very satisfied,Just a few
Somewhat happy,Very satisfied,Very satisfied,Very satisfied,Very satisfied,A fair amount
Not too happy,Somewhat satisfied,Very dissatisfied,Not sure,Somewhat dissatisfied,A fair amount
Somewhat happy,Somewhat satisfied,Very satisfied,Very satisfied,Very satisfied,Just a few
Very happy,Very satisfied,Somewhat satisfied,Very satisfied,Very satisfied,A fair amount
Not too happy,Very satisfied,Somewhat satisfied,Somewhat satisfied,Somewhat satisfied,Just a few
Very happy,Very satisfied,Very satisfied,Very satisfied,Very satisfied,A lot
Very happy,Very satisfied,Very satisfied,Very satisfied,Very satisfied,A lot
Very happy,Very satisfied,Very satisfied,Very satisfied,Very satisfied,A lot
Very happy,Very satisfied,Somewhat satisfied,Very satisfied,Very satisfied,A fair amount
Very happy,Very satisfied,Very satisfied,Very satisfied,Very satisfied,A lot
Very happy,Very satisfied,Very satisfied,Somewhat satisfied,Somewhat satisfied,Just a few
Very happy,Very satisfied,Very satisfied,Very satisfied,Very satisfied,A lot
Not too happy,Somewhat dissatisfied,Very satisfied,Very satisfied,Very satisfied,A lot
Very happy,Very satisfied,Very satisfied,Very satisfied,Very satisfied,A lot
Very happy,Very satisfied,Somewhat satisfied,Declined to answer,Somewhat satisfied,A fair amount
Very happy,Somewhat satisfied,Somewhat satisfied,Very satisfied,Very satisfied,A fair amount
Very happy,Very satisfied,Somewhat satisfied,Very satisfied,Very satisfied,A lot
Somewhat happy,Somewhat satisfied,Very satisfied,Very satisfied,Very satisfied,A fair amount
Somewhat happy,Somewhat satisfied,Very satisfied,Somewhat satisfied,Very satisfied,Just a few
Very happy,Very satisfied,Very satisfied,Very satisfied,Somewhat satisfied,A fair amount
Somewhat happy,Somewhat satisfied,Very satisfied,Somewhat satisfied,Very satisfied,A lot
Somewhat happy,Not sure,Very dissatisfied,Not sure,Very satisfied,Just a few
Somewhat happy,Somewhat dissatisfied,Somewhat satisfied,Somewhat dissatisfied,Very satisfied,Just a few
Somewhat happy,Somewhat satisfied,Somewhat satisfied,Very satisfied,Somewhat satisfied,Just a few
Somewhat happy,Somewhat satisfied,Somewhat dissatisfied,Somewhat satisfied,Very satisfied,A fair amount
Very happy,Very satisfied,Very satisfied,Somewhat satisfied,Very satisfied,A lot
Very happy,Very satisfied,Very satisfied,Very satisfied,Very satisfied,A lot
Very happy,Very satisfied,Very satisfied,Somewhat satisfied,Somewhat satisfied,A lot
Very happy,Very satisfied,Somewhat satisfied,Somewhat satisfied,Somewhat satisfied,A lot
Somewhat happy,Somewhat dissatisfied,Very satisfied,Very satisfied,Very satisfied,Just a few
Very happy,Somewhat satisfied,Very satisfied,Very satisfied,Very satisfied,A fair amount
Not too happy,Very satisfied,Very satisfied,Somewhat satisfied,Very satisfied,No one
Somewhat happy,Somewhat satisfied,Somewhat dissatisfied,Somewhat satisfied,Somewhat dissatisfied,Just a few
Somewhat happy,Very satisfied,Somewhat satisfied,Somewhat satisfied,Somewhat satisfied,A fair amount
Not too happy,Very dissatisfied,Very dissatisfied,Very dissatisfied,Somewhat dissatisfied,No one
Very happy,Very satisfied,Very satisfied,Very satisfied,Very satisfied,A fair amount
Somewhat happy,Very satisfied,Very satisfied,Very satisfied,Somewhat satisfied,A lot
Very happy,Very satisfied,Very satisfied,Very satisfied,Somewhat dissatisfied,A lot
Very happy,Very satisfied,Very satisfied,Very satisfied,Very satisfied,A fair amount
Not too happy,Somewhat dissatisfied,Somewhat satisfied,Very dissatisfied,Somewhat satisfied,No one
Very happy,Very satisfied,Somewhat satisfied,Somewhat satisfied,Very satisfied,A fair amount
Somewhat happy,Somewhat satisfied,Somewhat satisfied,Declined to answer,Somewhat satisfied,Just a few
Very happy,Very satisfied,Somewhat satisfied,Very satisfied,Very satisfied,Just a few
Very happy,Very satisfied,Very satisfied,Very satisfied,Very satisfied,A lot
Very happy,Very satisfied,Very satisfied,Somewhat dissatisfied,Very satisfied,A fair amount
Very happy,Somewhat dissatisfied,Somewhat satisfied,Very satisfied,Very satisfied,A fair amount
Very happy,Very satisfied,Very dissatisfied,Very dissatisfied,Somewhat satisfied,Just a few
Somewhat happy,Somewhat satisfied,Somewhat satisfied,Very satisfied,Very satisfied,A lot
Somewhat happy,Somewhat satisfied,Somewhat dissatisfied,Somewhat dissatisfied,Very dissatisfied,Just a few
Very happy,Somewhat satisfied,Somewhat satisfied,Very satisfied,Somewhat satisfied,Just a few
Very happy,Very satisfied,Very satisfied,Very satisfied,Very satisfied,A lot
Somewhat happy,Somewhat satisfied,Somewhat satisfied,Somewhat satisfied,Somewhat satisfied,A fair amount
Very happy,Very satisfied,Very satisfied,Very satisfied,Very satisfied,A lot
Somewhat happy,Somewhat satisfied,Somewhat dissatisfied,Somewhat dissatisfied,Somewhat satisfied,Declined to answer
Very happy,Somewhat dissatisfied,Somewhat dissatisfied,Somewhat satisfied,Somewhat satisfied,A fair amount
Very happy,Very satisfied,Very satisfied,Very satisfied,Very satisfied,A lot
Very happy,Somewhat satisfied,Somewhat satisfied,Very satisfied,Very satisfied,No one
Very happy,Very satisfied,Somewhat satisfied,Very satisfied,Very satisfied,A fair amount
Somewhat happy,Very satisfied,Somewhat satisfied,Somewhat satisfied,Very dissatisfied,A fair amount
Very happy,Very satisfied,Somewhat satisfied,Somewhat satisfied,Very satisfied,No one
Very happy,Not sure,Somewhat satisfied,Very satisfied,Very satisfied,A fair amount
Very happy,Very satisfied,Very satisfied,Very satisfied,Very satisfied,A lot
Somewhat happy,Somewhat satisfied,Very satisfied,Very satisfied,Very satisfied,A fair amount
Somewhat happy,Somewhat satisfied,Somewhat satisfied,Somewhat satisfied,Somewhat satisfied,A fair amount
Very happy,Very dissatisfied,Somewhat satisfied,Somewhat satisfied,Very satisfied,No one
Very happy,Very satisfied,Very satisfied,Very satisfied,Very satisfied,A lot
Very happy,Very satisfied,Somewhat dissatisfied,Very dissatisfied,Very satisfied,Just a few
Somewhat happy,Somewhat dissatisfied,Somewhat satisfied,Somewhat dissatisfied,Somewhat satisfied,A lot
Very happy,Very satisfied,Very satisfied,Very satisfied,Very satisfied,A fair amount
Somewhat happy,Very satisfied,Somewhat satisfied,Somewhat satisfied,Somewhat dissatisfied,A lot
Very happy,Very satisfied,Very satisfied,Very satisfied,Very satisfied,A lot
Somewhat happy,Very satisfied,Somewhat dissatisfied,Somewhat satisfied,Very satisfied,A lot
Very happy,Very satisfied,Somewhat satisfied,Very satisfied,Very satisfied,A lot
Very happy,Very satisfied,Very satisfied,Very satisfied,Very satisfied,Just a few
Very happy,Very satisfied,Very satisfied,Very satisfied,Very satisfied,A lot
Very happy,Very dissatisfied,Somewhat satisfied,Very satisfied,Somewhat satisfied,A fair amount
Very happy,Very satisfied,Very satisfied,Very satisfied,Very satisfied,A lot
Not too happy,Very dissatisfied,Very dissatisfied,Somewhat satisfied,Somewhat satisfied,Just a few
Somewhat happy,Very satisfied,Somewhat satisfied,Very satisfied,Very satisfied,A fair amount
Very happy,Very satisfied,Very satisfied,Very satisfied,Very satisfied,A lot
Very happy,Very satisfied,Very satisfied,Very satisfied,Very satisfied,A fair amount
Very happy,Very satisfied,Very satisfied,Very satisfied,Very satisfied,No one
Somewhat happy,Somewhat dissatisfied,Somewhat satisfied,Somewhat satisfied,Somewhat satisfied,No one
Very happy,Very satisfied,Very satisfied,Somewhat satisfied,Very satisfied,Just a few
Very happy,Very satisfied,Very dissatisfied,Somewhat satisfied,Very satisfied,A fair amount
Very happy,Somewhat satisfied,Very satisfied,Very satisfied,Very satisfied,A lot
Very happy,Very satisfied,Somewhat dissatisfied,Very satisfied,Very satisfied,A lot
Somewhat happy,Very satisfied,Very satisfied,Somewhat satisfied,Somewhat satisfied,No one
Somewhat happy,Very satisfied,Somewhat satisfied,Very satisfied,Somewhat satisfied,Just a few
Very happy,Very satisfied,Very satisfied,Very satisfied,Very satisfied,Just a few
Very happy,Very satisfied,Somewhat dissatisfied,Very satisfied,Very satisfied,A lot
Very happy,Very satisfied,Very satisfied,Very satisfied,Very satisfied,Just a few
Somewhat happy,Very satisfied,Somewhat dissatisfied,Somewhat satisfied,Somewhat satisfied,Just a few
Very happy,Very satisfied,Somewhat satisfied,Very satisfied,Very satisfied,A lot
Very happy,Very satisfied,Somewhat satisfied,Somewhat satisfied,Very satisfied,A lot
Somewhat happy,Very satisfied,Very satisfied,Very satisfied,Somewhat satisfied,A fair amount
Very happy,Somewhat satisfied,Somewhat satisfied,Somewhat dissatisfied,Somewhat satisfied,Just a few
Very happy,Very satisfied,Very satisfied,Very satisfied,Very satisfied,Just a few
Very happy,Very satisfied,Somewhat satisfied,Very satisfied,Very satisfied,A lot
Somewhat happy,Very satisfied,Very satisfied,Very satisfied,Very satisfied,A lot
Very happy,Very satisfied,Very satisfied,Very satisfied,Very satisfied,A lot
Somewhat happy,Somewhat satisfied,Very satisfied,Somewhat satisfied,Very satisfied,A fair amount
Somewhat happy,Very satisfied,Somewhat satisfied,Somewhat dissatisfied,Very satisfied,A fair amount
Very happy,Very satisfied,Somewhat satisfied,Very satisfied,Very satisfied,A fair amount
Very happy,Very satisfied,Somewhat satisfied,Very satisfied,Somewhat dissatisfied,A lot
Very happy,Very satisfied,Very satisfied,Very satisfied,Very satisfied,A fair amount
Very happy,Very satisfied,Very satisfied,Very satisfied,Very satisfied,A fair amount
Very happy,Very satisfied,Somewhat dissatisfied,Very satisfied,Very satisfied,A lot
Very happy,Somewhat satisfied,Very satisfied,Very satisfied,Very satisfied,No one
Very happy,Very satisfied,Somewhat satisfied,Somewhat satisfied,Very satisfied,Just a few
Very happy,Very satisfied,Somewhat satisfied,Very satisfied,Somewhat satisfied,A lot
Very happy,Very satisfied,Somewhat satisfied,Very satisfied,Very satisfied,A lot
Very happy,Very satisfied,Very satisfied,Somewhat satisfied,Very satisfied,A lot
Very happy,Somewhat dissatisfied,Very dissatisfied,Very dissatisfied,Somewhat satisfied,No one
Very happy,Very satisfied,Very satisfied,Very satisfied,Somewhat satisfied,A lot
Very happy,Somewhat satisfied,Very satisfied,Very satisfied,Somewhat satisfied,A fair amount
Very happy,Very satisfied,Very satisfied,Somewhat satisfied,Very satisfied,A fair amount
Somewhat happy,Somewhat satisfied,Somewhat dissatisfied,Very satisfied,Very satisfied,Just a few
Very happy,Very satisfied,Very satisfied,Very satisfied,Very satisfied,A fair amount
Not too happy,Somewhat dissatisfied,Very dissatisfied,Very dissatisfied,Very dissatisfied,Just a few
Very happy,Very satisfied,Somewhat satisfied,Somewhat satisfied,Somewhat dissatisfied,A lot
Somewhat happy,Somewhat satisfied,Somewhat dissatisfied,Somewhat dissatisfied,Very satisfied,Just a few
Very happy,Very satisfied,Very satisfied,Very satisfied,Very satisfied,Just a few
Somewhat happy,Somewhat dissatisfied,Very dissatisfied,Very dissatisfied,Very dissatisfied,No one
Very happy,Very satisfied,Very satisfied,Very satisfied,Very satisfied,A fair amount
Very happy,Very satisfied,Somewhat satisfied,Very satisfied,Very satisfied,A lot
Very happy,Declined to answer,Somewhat satisfied,Very satisfied,Somewhat satisfied,A fair amount
Somewhat happy,Very satisfied,Somewhat satisfied,Somewhat satisfied,Somewhat satisfied,A fair amount
Very happy,Somewhat satisfied,Somewhat satisfied,Very satisfied,Somewhat dissatisfied,A fair amount
Not too happy,Very satisfied,Very dissatisfied,Very dissatisfied,Somewhat dissatisfied,Just a few
Very happy,Very satisfied,Somewhat satisfied,Very satisfied,Very satisfied,A fair amount
Very happy,Very satisfied,Very satisfied,Very satisfied,Very satisfied,Just a few
Somewhat happy,Somewhat satisfied,Somewhat dissatisfied,Somewhat satisfied,Somewhat dissatisfied,A lot
Very happy,Very satisfied,Very satisfied,Very satisfied,Very satisfied,A fair amount
Very happy,Somewhat satisfied,Somewhat satisfied,Somewhat dissatisfied,Somewhat satisfied,Just a few
Very happy,Very satisfied,Very satisfied,Very satisfied,Very satisfied,A fair amount
Somewhat happy,Very satisfied,Very satisfied,Somewhat satisfied,Very satisfied,A lot
Not too happy,Somewhat dissatisfied,Very dissatisfied,Very dissatisfied,Very satisfied,No one
Somewhat happy,Very satisfied,Somewhat dissatisfied,Somewhat satisfied,Somewhat dissatisfied,A lot
Somewhat happy,Somewhat satisfied,Somewhat satisfied,Somewhat satisfied,Somewhat dissatisfied,Just a few
Very happy,Very satisfied,Very satisfied,Very satisfied,Very satisfied,A fair amount
Somewhat happy,Very satisfied,Very satisfied,Somewhat satisfied,Somewhat satisfied,Just a few
Somewhat happy,Very satisfied,Somewhat satisfied,Somewhat satisfied,Very satisfied,Just a few
Very happy,Very satisfied,Very satisfied,Very satisfied,Very satisfied,A lot
Very happy,Very satisfied,Very satisfied,Very satisfied,Very satisfied,A fair amount
Very happy,Very satisfied,Very satisfied,Very satisfied,Somewhat satisfied,No one
Very happy,Somewhat satisfied,Somewhat satisfied,Somewhat satisfied,Somewhat satisfied,A fair amount
Very happy,Very satisfied,Somewhat satisfied,Very satisfied,Very satisfied,A lot
Somewhat happy,Somewhat dissatisfied,Very satisfied,Very satisfied,Very satisfied,Just a few
Very happy,Very satisfied,Somewhat satisfied,Very satisfied,Very satisfied,A lot
Very happy,Very satisfied,Very satisfied,Very satisfied,Very satisfied,A fair amount
Somewhat happy,Very satisfied,Somewhat satisfied,Very satisfied,Very satisfied,A lot
Very happy,Very satisfied,Very satisfied,Very satisfied,Very satisfied,A lot
Not too happy,Very dissatisfied,Very dissatisfied,Very satisfied,Somewhat satisfied,No one
Somewhat happy,Somewhat dissatisfied,Very dissatisfied,Somewhat dissatisfied,Somewhat dissatisfied,Just a few
Somewhat happy,Somewhat satisfied,Very satisfied,Somewhat satisfied,Somewhat satisfied,Just a few
Somewhat happy,Somewhat satisfied,Somewhat satisfied,Somewhat satisfied,Somewhat satisfied,Just a few
Not too happy,Somewhat dissatisfied,Very dissatisfied,Very dissatisfied,Very dissatisfied,No one
Very happy,Very satisfied,Somewhat satisfied,Somewhat satisfied,Very satisfied,A lot
Very happy,Very satisfied,Somewhat dissatisfied,Somewhat satisfied,Somewhat satisfied,A fair amount
Somewhat happy,Somewhat dissatisfied,Somewhat dissatisfied,Somewhat dissatisfied,Somewhat dissatisfied,A lot
Very happy,Very satisfied,Very satisfied,Very satisfied,Very satisfied,A lot
Somewhat happy,Very satisfied,Somewhat satisfied,Very satisfied,Somewhat satisfied,Just a few
Very happy,Very satisfied,Somewhat satisfied,Somewhat dissatisfied,Very satisfied,A fair amount
Very happy,Very satisfied,Somewhat satisfied,Somewhat satisfied,Somewhat satisfied,A lot
Very happy,Very satisfied,Very satisfied,Very satisfied,Very satisfied,A lot
Very happy,Somewhat dissatisfied,Very satisfied,Not sure,Very satisfied,No one
Somewhat happy,Very satisfied,Somewhat dissatisfied,Somewhat satisfied,Somewhat satisfied,Just a few
Very happy,Very satisfied,Somewhat satisfied,Very satisfied,Very satisfied,A fair amount
Very happy,Very satisfied,Very satisfied,Very satisfied,Very satisfied,A lot
Not too happy,Very dissatisfied,Very dissatisfied,Very dissatisfied,Somewhat satisfied,Just a few
Very happy,Very satisfied,Very satisfied,Declined to answer,Very satisfied,A fair amount
Very happy,Very satisfied,Very satisfied,Very satisfied,Somewhat dissatisfied,Just a few
Somewhat happy,Somewhat satisfied,Somewhat satisfied,Somewhat satisfied,Somewhat satisfied,A fair amount
Not too happy,Somewhat satisfied,Very dissatisfied,Very dissatisfied,Very dissatisfied,A fair amount
Very happy,Very satisfied,Very satisfied,Very satisfied,Very satisfied,Just a few
Somewhat happy,Very satisfied,Somewhat satisfied,Somewhat dissatisfied,Somewhat satisfied,A fair amount
Somewhat happy,Somewhat satisfied,Somewhat satisfied,Very dissatisfied,Somewhat satisfied,Just a few
Somewhat happy,Somewhat dissatisfied,Very dissatisfied,Somewhat dissatisfied,Somewhat satisfied,No one
Somewhat happy,Somewhat dissatisfied,Somewhat satisfied,Somewhat satisfied,Somewhat satisfied,Just a few
Very happy,Very satisfied,Somewhat satisfied,Somewhat satisfied,Somewhat satisfied,Just a few
Somewhat happy,Somewhat satisfied,Somewhat dissatisfied,Very dissatisfied,Somewhat dissatisfied,Just a few
Very happy,Very satisfied,Somewhat satisfied,Somewhat satisfied,Somewhat satisfied,Just a few
Very happy,Very satisfied,Somewhat satisfied,Very satisfied,Very satisfied,A fair amount
Very happy,Very satisfied,Somewhat satisfied,Very satisfied,Very satisfied,A lot
Somewhat happy,Very satisfied,Very satisfied,Very satisfied,Very satisfied,A fair amount
Somewhat happy,Somewhat satisfied,Somewhat satisfied,Somewhat dissatisfied,Somewhat dissatisfied,A fair amount
Somewhat happy,Somewhat satisfied,Very satisfied,Somewhat satisfied,Very satisfied,A lot
Very happy,Very satisfied,Somewhat dissatisfied,Somewhat dissatisfied,Very satisfied,A lot
Very happy,Very satisfied,Somewhat satisfied,Very satisfied,Very satisfied,A lot
Very happy,Very satisfied,Very satisfied,Very satisfied,Very satisfied,A fair amount
Very happy,Very satisfied,Very satisfied,Somewhat satisfied,Very satisfied,A fair amount
Somewhat happy,Somewhat satisfied,Somewhat dissatisfied,Somewhat satisfied,Somewhat satisfied,A lot
Very happy,Very satisfied,Somewhat satisfied,Somewhat satisfied,Somewhat satisfied,Just a few
Somewhat happy,Very satisfied,Very satisfied,Very satisfied,Very satisfied,Just a few
Very happy,Very satisfied,Very satisfied,Somewhat satisfied,Very satisfied,A lot
Somewhat happy,Very satisfied,Somewhat dissatisfied,Very satisfied,Somewhat satisfied,Just a few
Somewhat happy,Somewhat satisfied,Somewhat dissatisfied,Very dissatisfied,Somewhat satisfied,Just a few
Very happy,Very satisfied,Very satisfied,Very satisfied,Very satisfied,A fair amount
Very happy,Very satisfied,Very satisfied,Very satisfied,Very satisfied,A fair amount
Very happy,Somewhat satisfied,Somewhat satisfied,Very satisfied,Very satisfied,A lot
Very happy,Very satisfied,Very satisfied,Somewhat satisfied,Somewhat satisfied,A fair amount
Somewhat happy,Somewhat satisfied,Somewhat satisfied,Somewhat satisfied,Somewhat satisfied,Just a few
Very happy,Very satisfied,Very satisfied,Very satisfied,Very satisfied,Just a few
Very happy,Very satisfied,Very satisfied,Very satisfied,Very satisfied,A lot
Somewhat happy,Somewhat satisfied,Somewhat dissatisfied,Somewhat satisfied,Somewhat satisfied,Just a few
Somewhat happy,Very satisfied,Somewhat satisfied,Somewhat satisfied,Very satisfied,A fair amount
Very happy,Very satisfied,Somewhat satisfied,Somewhat satisfied,Very satisfied,A lot
Very happy,Very satisfied,Very satisfied,Very satisfied,Very satisfied,A lot
Very happy,Very satisfied,Very satisfied,Very satisfied,Somewhat satisfied,A lot
Not too happy,Very satisfied,Very dissatisfied,Very satisfied,Very dissatisfied,Just a few
Very happy,Very satisfied,Very satisfied,Very satisfied,Very satisfied,A lot
Somewhat happy,Declined to answer,Somewhat satisfied,Very satisfied,Very satisfied,No one
Very happy,Very satisfied,Very satisfied,Very satisfied,Very satisfied,A lot
Very happy,Very satisfied,Very satisfied,Very satisfied,Very satisfied,A fair amount
Very happy,Very satisfied,Somewhat satisfied,Very satisfied,Somewhat satisfied,A fair amount
Very happy,Very satisfied,Very satisfied,Very satisfied,Very satisfied,Just a few
Not too happy,Somewhat dissatisfied,Very dissatisfied,Very satisfied,Somewhat satisfied,Just a few
Very happy,Very satisfied,Very satisfied,Very satisfied,Very dissatisfied,Just a few
Very happy,Very satisfied,Very satisfied,Very satisfied,Very satisfied,A lot
Somewhat happy,Very satisfied,Somewhat satisfied,Very satisfied,Very satisfied,A fair amount
Somewhat happy,Very dissatisfied,Somewhat dissatisfied,Somewhat satisfied,Very satisfied,Just a few
Somewhat happy,Somewhat satisfied,Somewhat satisfied,Very satisfied,Very satisfied,A lot
Not sure,Somewhat satisfied,Very satisfied,Very satisfied,Very satisfied,Just a few
Very happy,Very satisfied,Very satisfied,Very satisfied,Somewhat satisfied,A lot
Somewhat happy,Very satisfied,Somewhat satisfied,Somewhat satisfied,Very satisfied,A fair amount
Very happy,Somewhat satisfied,Somewhat satisfied,Very satisfied,Very satisfied,A fair amount
Somewhat happy,Very satisfied,Very satisfied,Somewhat dissatisfied,Very satisfied,A lot
Somewhat happy,Somewhat satisfied,Somewhat satisfied,Somewhat satisfied,Somewhat satisfied,Just a few
Very happy,Very satisfied,Very satisfied,Declined to answer,Very satisfied,A lot
Somewhat happy,Somewhat satisfied,Somewhat dissatisfied,Very dissatisfied,Somewhat satisfied,Just a few
Not too happy,Somewhat dissatisfied,Very satisfied,Very satisfied,Somewhat satisfied,Just a few
Somewhat happy,Very satisfied,Very satisfied,Very satisfied,Very satisfied,Just a few
Very happy,Very satisfied,Somewhat satisfied,Somewhat satisfied,Very satisfied,Just a few
Not too happy,Very satisfied,Very dissatisfied,Very dissatisfied,Somewhat satisfied,No one
Very happy,Very satisfied,Very satisfied,Very satisfied,Very satisfied,A fair amount
Somewhat happy,Very satisfied,Somewhat dissatisfied,Not sure,Very satisfied,Just a few
Not too happy,Somewhat dissatisfied,Somewhat dissatisfied,Somewhat dissatisfied,Somewhat satisfied,No one
Very happy,Very satisfied,Somewhat satisfied,Very satisfied,Very satisfied,Just a few
Not too happy,Very dissatisfied,Very dissatisfied,Very dissatisfied,Very dissatisfied,Just a few
Somewhat happy,Somewhat dissatisfied,Somewhat dissatisfied,Somewhat dissatisfied,Very dissatisfied,Just a few
Very happy,Very satisfied,Somewhat satisfied,Very satisfied,Very satisfied,A lot
Very happy,Very satisfied,Very dissatisfied,Somewhat dissatisfied,Very dissatisfied,A lot
Somewhat happy,Very satisfied,Somewhat satisfied,Very satisfied,Somewhat satisfied,A lot
Somewhat happy,Very satisfied,Very satisfied,Very satisfied,Very satisfied,Just a few
Very happy,Very satisfied,Somewhat satisfied,Somewhat satisfied,Somewhat satisfied,A fair amount
Somewhat happy,Somewhat satisfied,Somewhat dissatisfied,Somewhat satisfied,Somewhat satisfied,Just a few
Not too happy,Very satisfied,Very dissatisfied,Very dissatisfied,Very dissatisfied,A lot
Somewhat happy,Very satisfied,Somewhat satisfied,Somewhat satisfied,Somewhat satisfied,A fair amount
Somewhat happy,Somewhat satisfied,Somewhat satisfied,Somewhat satisfied,Somewhat dissatisfied,Just a few
Very happy,Very satisfied,Somewhat satisfied,Very satisfied,Somewhat satisfied,A lot
Somewhat happy,Very satisfied,Somewhat satisfied,Very satisfied,Very satisfied,A lot
Very happy,Very satisfied,Very satisfied,Very satisfied,Very satisfied,Just a few
Very happy,Very satisfied,Very satisfied,Very satisfied,Very satisfied,Just a few
Very happy,Very dissatisfied,Very satisfied,Very satisfied,Very satisfied,Just a few
Somewhat happy,Very satisfied,Somewhat satisfied,Very satisfied,Somewhat satisfied,Just a few
Not too happy,Very dissatisfied,Very dissatisfied,Very dissatisfied,Somewhat dissatisfied,Just a few
Somewhat happy,Somewhat satisfied,Very dissatisfied,Somewhat dissatisfied,Very satisfied,Just a few
Somewhat happy,Very satisfied,Declined to answer,Somewhat satisfied,Very satisfied,A lot
Very happy,Very satisfied,Somewhat satisfied,Very satisfied,Very satisfied,A lot
Very happy,Very satisfied,Very satisfied,Very satisfied,Somewhat satisfied,A lot
Somewhat happy,Very satisfied,Somewhat dissatisfied,Very dissatisfied,Somewhat satisfied,A fair amount
Not too happy,Very dissatisfied,Somewhat dissatisfied,Not sure,Very dissatisfied,Just a few
Somewhat happy,Very satisfied,Somewhat dissatisfied,Somewhat satisfied,Somewhat satisfied,A fair amount
Somewhat happy,Somewhat satisfied,Very satisfied,Very satisfied,Very satisfied,A lot
Very happy,Very satisfied,Very satisfied,Very satisfied,Very satisfied,A fair amount
Somewhat happy,Very satisfied,Somewhat satisfied,Somewhat satisfied,Very satisfied,Just a few
Very happy,Very satisfied,Somewhat satisfied,Somewhat satisfied,Very satisfied,A lot
Very happy,Very satisfied,Very satisfied,Very satisfied,Very satisfied,A lot
Very happy,Very satisfied,Very satisfied,Very satisfied,Very satisfied,No one
Very happy,Very satisfied,Very satisfied,Somewhat satisfied,Very satisfied,A fair amount
Very happy,Somewhat satisfied,Somewhat satisfied,Somewhat satisfied,Somewhat satisfied,Just a few
Not too happy,Very dissatisfied,Somewhat dissatisfied,Somewhat satisfied,Somewhat dissatisfied,A lot
Somewhat happy,Very satisfied,Somewhat dissatisfied,Somewhat dissatisfied,Somewhat satisfied,No one
Very happy,Very satisfied,Very dissatisfied,Very satisfied,Very satisfied,A lot
Very happy,Very satisfied,Very satisfied,Very satisfied,Very satisfied,A lot
Very happy,Very satisfied,Very satisfied,Very satisfied,Very satisfied,A lot
Somewhat happy,Somewhat satisfied,Somewhat satisfied,Very satisfied,Somewhat satisfied,A lot
Somewhat happy,Somewhat satisfied,Somewhat satisfied,Somewhat satisfied,Very satisfied,Just a few
Somewhat happy,Very satisfied,Very satisfied,Very satisfied,Very satisfied,Just a few
Somewhat happy,Very satisfied,Very satisfied,Very satisfied,Very satisfied,A fair amount
Very happy,Very satisfied,Very satisfied,Very satisfied,Very satisfied,Just a few
Very happy,Very satisfied,Very satisfied,Declined to answer,Very satisfied,A lot
Somewhat happy,Very satisfied,Somewhat satisfied,Somewhat satisfied,Very satisfied,A fair amount
Very happy,Very satisfied,Somewhat satisfied,Somewhat dissatisfied,Very satisfied,A lot
Not too happy,Somewhat satisfied,Very dissatisfied,Very dissatisfied,Somewhat satisfied,A lot
Somewhat happy,Somewhat satisfied,Somewhat satisfied,Declined to answer,Very satisfied,Just a few
Very happy,Very satisfied,Somewhat satisfied,Somewhat satisfied,Somewhat satisfied,A lot
Somewhat happy,Very satisfied,Somewhat satisfied,Declined to answer,Very satisfied,A fair amount
Very happy,Very satisfied,Very satisfied,Somewhat satisfied,Very satisfied,Just a few
Very happy,Very satisfied,Somewhat dissatisfied,Somewhat satisfied,Very satisfied,Just a few
Somewhat happy,Somewhat dissatisfied,Somewhat satisfied,Somewhat dissatisfied,Very satisfied,Just a few
Somewhat happy,Somewhat dissatisfied,Somewhat dissatisfied,Somewhat satisfied,Somewhat satisfied,A fair amount
Very happy,Very satisfied,Very satisfied,Not sure,Very satisfied,A lot
Very happy,Very satisfied,Somewhat satisfied,Somewhat satisfied,Very satisfied,A lot
Very happy,Very satisfied,Somewhat dissatisfied,Very satisfied,Very satisfied,A fair amount
Somewhat happy,Somewhat satisfied,Very satisfied,Somewhat dissatisfied,Very satisfied,A lot
Very happy,Very satisfied,Somewhat satisfied,Very satisfied,Somewhat satisfied,A lot
Very happy,Very satisfied,Very satisfied,Very satisfied,Very satisfied,A fair amount
Very happy,Very satisfied,Somewhat satisfied,Very satisfied,Very satisfied,A lot
Very happy,Somewhat satisfied,Very satisfied,Very satisfied,Somewhat satisfied,A lot
Somewhat happy,Very satisfied,Somewhat dissatisfied,Somewhat dissatisfied,Somewhat satisfied,A fair amount
Somewhat happy,Very satisfied,Somewhat satisfied,Somewhat satisfied,Very satisfied,A lot
Very happy,Very satisfied,Somewhat satisfied,Very satisfied,Very satisfied,A lot
Somewhat happy,Somewhat satisfied,Somewhat dissatisfied,Somewhat satisfied,Somewhat dissatisfied,No one
Very happy,Somewhat satisfied,Somewhat dissatisfied,Somewhat satisfied,Somewhat satisfied,A fair amount
Somewhat happy,Somewhat satisfied,Somewhat dissatisfied,Somewhat dissatisfied,Somewhat satisfied,A fair amount
Not sure,Very satisfied,Very satisfied,Very satisfied,Very satisfied,A fair amount
Somewhat happy,Very satisfied,Very dissatisfied,Somewhat satisfied,Very dissatisfied,Just a few
Somewhat happy,Somewhat satisfied,Somewhat satisfied,Very satisfied,Very satisfied,Just a few
Very happy,Very satisfied,Very satisfied,Very satisfied,Very satisfied,A lot
Somewhat happy,Somewhat satisfied,Somewhat satisfied,Very satisfied,Somewhat satisfied,Just a few
Very happy,Very satisfied,Very satisfied,Very satisfied,Very satisfied,Just a few
Not too happy,Somewhat satisfied,Very dissatisfied,Somewhat dissatisfied,Somewhat dissatisfied,Just a few
Very happy,Very satisfied,Very satisfied,Very satisfied,Very satisfied,A lot
Somewhat happy,Somewhat satisfied,Somewhat satisfied,Very satisfied,Somewhat dissatisfied,A fair amount
Somewhat happy,Very satisfied,Very dissatisfied,Very satisfied,Somewhat dissatisfied,A lot
Very happy,Very satisfied,Very satisfied,Very satisfied,Very satisfied,A lot
Very happy,Very satisfied,Very satisfied,Very satisfied,Very satisfied,Just a few
Very happy,Very satisfied,Very satisfied,Very satisfied,Very satisfied,A lot
Somewhat happy,Very satisfied,Somewhat satisfied,Somewhat satisfied,Somewhat dissatisfied,Just a few
Very happy,Very satisfied,Somewhat satisfied,Very satisfied,Very satisfied,A fair amount
Somewhat happy,Very satisfied,Somewhat satisfied,Somewhat satisfied,Somewhat satisfied,Just a few
Very happy,Very satisfied,Somewhat satisfied,Somewhat satisfied,Somewhat satisfied,A lot
Not too happy,Very satisfied,Somewhat satisfied,Somewhat satisfied,Very dissatisfied,A lot
Somewhat happy,Somewhat satisfied,Somewhat satisfied,Somewhat satisfied,Very satisfied,A fair amount
Very happy,Very satisfied,Somewhat satisfied,Very satisfied,Very satisfied,Just a few
Very happy,Somewhat satisfied,Somewhat satisfied,Very satisfied,Very satisfied,Just a few
Somewhat happy,Very satisfied,Somewhat dissatisfied,Somewhat satisfied,Somewhat satisfied,No one
Very happy,Very satisfied,Somewhat dissatisfied,Very satisfied,Very satisfied,A lot
Somewhat happy,Very satisfied,Somewhat dissatisfied,Very dissatisfied,Somewhat dissatisfied,A fair amount
Somewhat happy,Somewhat satisfied,Somewhat dissatisfied,Very satisfied,Somewhat satisfied,A lot
Very happy,Very satisfied,Very satisfied,Very satisfied,Very satisfied,A lot
Somewhat happy,Very satisfied,Somewhat dissatisfied,Somewhat dissatisfied,Very satisfied,Just a few
Somewhat happy,Very satisfied,Somewhat dissatisfied,Very dissatisfied,Very satisfied,No one
Very happy,Very satisfied,Somewhat satisfied,Very satisfied,Very satisfied,A lot
Somewhat happy,Very satisfied,Somewhat satisfied,Somewhat satisfied,Somewhat satisfied,A fair amount
Somewhat happy,Very satisfied,Somewhat dissatisfied,Somewhat satisfied,Somewhat satisfied,A lot
Somewhat happy,Somewhat satisfied,Somewhat satisfied,Somewhat dissatisfied,Somewhat satisfied,Just a few
Very happy,Somewhat satisfied,Very satisfied,Very satisfied,Very satisfied,A fair amount
Very happy,Very satisfied,Very satisfied,Very satisfied,Very satisfied,A lot
Very happy,Very satisfied,Very satisfied,Very satisfied,Very satisfied,A lot
Somewhat happy,Very satisfied,Somewhat satisfied,Very satisfied,Very satisfied,No one
Somewhat happy,Somewhat satisfied,Somewhat satisfied,Somewhat dissatisfied,Very satisfied,A fair amount
Very happy,Very satisfied,Somewhat satisfied,Very satisfied,Very satisfied,Just a few
Very happy,Very satisfied,Very satisfied,Declined to answer,Very satisfied,A lot
Somewhat happy,Very satisfied,Somewhat satisfied,Somewhat satisfied,Somewhat satisfied,Just a few
Very happy,Very satisfied,Very satisfied,Very satisfied,Very satisfied,A lot
Very happy,Very satisfied,Somewhat satisfied,Very satisfied,Very satisfied,A lot
Very happy,Somewhat satisfied,Somewhat satisfied,Somewhat satisfied,Somewhat satisfied,A lot
Very happy,Very satisfied,Somewhat satisfied,Somewhat dissatisfied,Very satisfied,A fair amount
Somewhat happy,Very satisfied,Very satisfied,Very satisfied,Very satisfied,Just a few
Very happy,Somewhat dissatisfied,Very satisfied,Very satisfied,Very satisfied,Just a few
Not too happy,Somewhat dissatisfied,Very dissatisfied,Very dissatisfied,Somewhat satisfied,Just a few
Somewhat happy,Somewhat satisfied,Very dissatisfied,Very satisfied,Very satisfied,Just a few
Somewhat happy,Somewhat satisfied,Somewhat dissatisfied,Somewhat dissatisfied,Very satisfied,A fair amount
Very happy,Very satisfied,Somewhat satisfied,Very satisfied,Very satisfied,A lot
Somewhat happy,Very satisfied,Somewhat satisfied,Very satisfied,Somewhat dissatisfied,A lot
Very happy,Very satisfied,Very satisfied,Very satisfied,Very satisfied,Just a few
Very happy,Somewhat satisfied,Somewhat satisfied,Very satisfied,Somewhat dissatisfied,No one
Somewhat happy,Very satisfied,Somewhat satisfied,Very satisfied,Very satisfied,A lot
Somewhat happy,Very satisfied,Somewhat satisfied,Not sure,Very satisfied,A fair amount
Very happy,Very satisfied,Very satisfied,Declined to answer,Very satisfied,A lot
Very happy,Very satisfied,Very dissatisfied,Somewhat satisfied,Somewhat satisfied,No one
Not too happy,Very dissatisfied,Somewhat satisfied,Very satisfied,Somewhat dissatisfied,A fair amount
Very happy,Somewhat satisfied,Very satisfied,Very satisfied,Very satisfied,A lot
Very happy,Very satisfied,Very satisfied,Very satisfied,Very satisfied,A lot
Very happy,Very satisfied,Somewhat satisfied,Very satisfied,Very satisfied,A lot
Somewhat happy,Somewhat satisfied,Somewhat satisfied,Very satisfied,Somewhat satisfied,A lot
Very happy,Very satisfied,Very satisfied,Very satisfied,Very satisfied,A lot
Very happy,Very satisfied,Somewhat satisfied,Somewhat satisfied,Very satisfied,Just a few
Somewhat happy,Somewhat satisfied,Very satisfied,Somewhat dissatisfied,Very satisfied,A fair amount
Somewhat happy,Somewhat satisfied,Very satisfied,Very satisfied,Very satisfied,A lot
Not too happy,Very satisfied,Somewhat satisfied,Very satisfied,Very satisfied,A lot
Very happy,Very satisfied,Very satisfied,Somewhat dissatisfied,Very satisfied,A fair amount
Very happy,Very satisfied,Very satisfied,Very satisfied,Somewhat satisfied,A lot
Very happy,Very satisfied,Very satisfied,Very satisfied,Very satisfied,A lot
Very happy,Very satisfied,Very satisfied,Very satisfied,Very satisfied,Just a few
Very happy,Very satisfied,Somewhat satisfied,Somewhat satisfied,Very satisfied,A fair amount
Somewhat happy,Very satisfied,Somewhat satisfied,Somewhat satisfied,Somewhat satisfied,No one
Somewhat happy,Very satisfied,Very satisfied,Very satisfied,Very satisfied,A fair amount
Somewhat happy,Somewhat satisfied,Somewhat dissatisfied,Somewhat dissatisfied,Somewhat satisfied,Just a few
Not too happy,Somewhat satisfied,Very dissatisfied,Very dissatisfied,Somewhat satisfied,Just a few
Very happy,Somewhat satisfied,Very satisfied,Somewhat satisfied,Very satisfied,A fair amount
Very happy,Somewhat satisfied,Very satisfied,Very satisfied,Very satisfied,A fair amount
Very happy,Very satisfied,Very satisfied,Very satisfied,Very satisfied,A lot
Somewhat happy,Somewhat satisfied,Very dissatisfied,Very dissatisfied,Somewhat satisfied,Just a few
Very happy,Very satisfied,Very satisfied,Very satisfied,Very satisfied,A lot
Very happy,Somewhat satisfied,Very satisfied,Very satisfied,Very satisfied,A fair amount
Somewhat happy,Somewhat satisfied,Very satisfied,Somewhat satisfied,Very satisfied,A lot
Very happy,Somewhat satisfied,Very satisfied,Very satisfied,Somewhat dissatisfied,Just a few
Somewhat happy,Very satisfied,Somewhat dissatisfied,Very satisfied,Very satisfied,Just a few
Very happy,Very satisfied,Somewhat satisfied,Somewhat satisfied,Very satisfied,Just a few
Somewhat happy,Very satisfied,Somewhat dissatisfied,Very satisfied,Very satisfied,Just a few
Somewhat happy,Very satisfied,Very satisfied,Declined to answer,Very satisfied,A fair amount
Somewhat happy,Somewhat dissatisfied,Somewhat satisfied,Somewhat satisfied,Somewhat dissatisfied,Just a few
Somewhat happy,Declined to answer,Somewhat satisfied,Somewhat satisfied,Very satisfied,Just a few
Very happy,Very satisfied,Very satisfied,Very satisfied,Very satisfied,A lot
Somewhat happy,Somewhat satisfied,Very satisfied,Very satisfied,Somewhat satisfied,A fair amount
Not too happy,Very dissatisfied,Very dissatisfied,Somewhat dissatisfied,Very dissatisfied,Just a few
Very happy,Very satisfied,Somewhat dissatisfied,Somewhat dissatisfied,Somewhat dissatisfied,Just a few
Somewhat happy,Somewhat satisfied,Very dissatisfied,Very dissatisfied,Somewhat dissatisfied,A fair amount
Somewhat happy,Very satisfied,Somewhat satisfied,Somewhat dissatisfied,Somewhat satisfied,Just a few
Very happy,Very satisfied,Somewhat satisfied,Very satisfied,Somewhat satisfied,Just a few
Somewhat happy,Somewhat satisfied,Very dissatisfied,Somewhat satisfied,Somewhat dissatisfied,A fair amount
Very happy,Very satisfied,Very satisfied,Very satisfied,Very satisfied,A lot
Very happy,Somewhat satisfied,Somewhat satisfied,Very satisfied,Somewhat satisfied,A fair amount
Somewhat happy,Somewhat satisfied,Somewhat dissatisfied,Somewhat dissatisfied,Somewhat satisfied,Just a few
Somewhat happy,Somewhat satisfied,Very satisfied,Very satisfied,Very satisfied,A fair amount
Very happy,Very satisfied,Somewhat satisfied,Very satisfied,Somewhat satisfied,A fair amount
Very happy,Very satisfied,Very satisfied,Very satisfied,Very satisfied,A fair amount
Somewhat happy,Very satisfied,Somewhat satisfied,Very satisfied,Very satisfied,A fair amount
Somewhat happy,Somewhat satisfied,Very satisfied,Very satisfied,Very satisfied,Just a few
Very happy,Somewhat satisfied,Somewhat dissatisfied,Somewhat satisfied,Somewhat dissatisfied,A lot
Very happy,Very satisfied,Somewhat satisfied,Very satisfied,Very satisfied,A lot
Very happy,Very satisfied,Very satisfied,Very satisfied,Very satisfied,Just a few
Very happy,Somewhat satisfied,Somewhat dissatisfied,Very satisfied,Somewhat satisfied,A lot
Somewhat happy,Very satisfied,Somewhat dissatisfied,Somewhat satisfied,Very satisfied,A fair amount
Very happy,Very satisfied,Somewhat satisfied,Very satisfied,Somewhat satisfied,Just a few
Somewhat happy,Very satisfied,Somewhat dissatisfied,Somewhat satisfied,Somewhat dissatisfied,A lot
Somewhat happy,Very satisfied,Somewhat satisfied,Somewhat satisfied,Very satisfied,Just a few
Not too happy,Very satisfied,Somewhat satisfied,Somewhat satisfied,Very satisfied,Just a few
Very happy,Very satisfied,Very satisfied,Very satisfied,Very satisfied,A lot
Somewhat happy,Somewhat satisfied,Somewhat satisfied,Somewhat satisfied,Somewhat satisfied,Just a few
Very happy,Very satisfied,Very satisfied,Very satisfied,Very satisfied,Just a few
Very happy,Very satisfied,Very satisfied,Very satisfied,Very satisfied,A lot
Somewhat happy,Very satisfied,Somewhat satisfied,Somewhat satisfied,Very satisfied,A lot
Very happy,Somewhat satisfied,Somewhat satisfied,Somewhat dissatisfied,Somewhat satisfied,A fair amount
Very happy,Very satisfied,Very satisfied,Somewhat satisfied,Very satisfied,A lot
Not too happy,Very dissatisfied,Very dissatisfied,Very dissatisfied,Very dissatisfied,No one
Very happy,Very satisfied,Very satisfied,Very satisfied,Very satisfied,A lot
Not too happy,Somewhat satisfied,Somewhat dissatisfied,Somewhat dissatisfied,Somewhat satisfied,Just a few
Somewhat happy,Somewhat dissatisfied,Somewhat dissatisfied,Somewhat satisfied,Somewhat satisfied,Just a few
Very happy,Very satisfied,Somewhat satisfied,Very satisfied,Very satisfied,A fair amount
Not too happy,Somewhat satisfied,Somewhat dissatisfied,Somewhat satisfied,Very dissatisfied,A lot
Very happy,Very satisfied,Very satisfied,Very satisfied,Very satisfied,A fair amount
Very happy,Very satisfied,Somewhat satisfied,Somewhat dissatisfied,Somewhat satisfied,A fair amount
Very happy,Very satisfied,Very satisfied,Somewhat dissatisfied,Very satisfied,Just a few
Not too happy,Very dissatisfied,Very dissatisfied,Very dissatisfied,Very dissatisfied,Just a few
Very happy,Very satisfied,Somewhat satisfied,Somewhat dissatisfied,Very satisfied,A lot
Somewhat happy,Somewhat dissatisfied,Somewhat satisfied,Somewhat dissatisfied,Somewhat satisfied,Just a few
Very happy,Very satisfied,Very satisfied,Very satisfied,Very satisfied,A fair amount
Somewhat happy,Very satisfied,Very satisfied,Very satisfied,Very satisfied,A lot
Somewhat happy,Very satisfied,Very satisfied,Very satisfied,Somewhat satisfied,A lot
Very happy,Very satisfied,Very satisfied,Very satisfied,Very satisfied,Just a few
Very happy,Very satisfied,Somewhat satisfied,Somewhat satisfied,Very satisfied,A lot
Very happy,Very satisfied,Somewhat satisfied,Somewhat satisfied,Somewhat satisfied,A fair amount
Very happy,Very satisfied,Very satisfied,Very satisfied,Very satisfied,A lot
Not too happy,Somewhat dissatisfied,Somewhat dissatisfied,Somewhat satisfied,Somewhat dissatisfied,Just a few
Somewhat happy,Somewhat satisfied,Somewhat satisfied,Very satisfied,Very satisfied,Just a few
Somewhat happy,Very satisfied,Somewhat dissatisfied,Somewhat satisfied,Somewhat satisfied,A fair amount
Somewhat happy,Very satisfied,Somewhat dissatisfied,Somewhat dissatisfied,Very dissatisfied,No one
Somewhat happy,Somewhat satisfied,Very satisfied,Somewhat satisfied,Very satisfied,A lot
Very happy,Very satisfied,Very satisfied,Somewhat satisfied,Very satisfied,A lot
Very happy,Very satisfied,Somewhat dissatisfied,Very satisfied,Very satisfied,A lot
Somewhat happy,Very satisfied,Somewhat satisfied,Somewhat satisfied,Very satisfied,A fair amount
Somewhat happy,Very satisfied,Somewhat satisfied,Somewhat satisfied,Very satisfied,A fair amount
Very happy,Very satisfied,Very satisfied,Very satisfied,Very satisfied,A lot
Somewhat happy,Somewhat dissatisfied,Somewhat satisfied,Somewhat dissatisfied,Somewhat dissatisfied,Just a few
Very happy,Very satisfied,Very satisfied,Very satisfied,Very satisfied,A lot
Very happy,Very satisfied,Somewhat satisfied,Very satisfied,Very satisfied,A lot
Very happy,Very satisfied,Somewhat satisfied,Somewhat satisfied,Very satisfied,A fair amount
Somewhat happy,Very satisfied,Somewhat dissatisfied,Somewhat satisfied,Somewhat satisfied,Just a few
Somewhat happy,Somewhat dissatisfied,Somewhat satisfied,Very satisfied,Somewhat dissatisfied,Just a few
Not too happy,Somewhat dissatisfied,Very dissatisfied,Somewhat satisfied,Somewhat dissatisfied,Just a few
Somewhat happy,Somewhat satisfied,Somewhat dissatisfied,Somewhat satisfied,Very satisfied,Just a few
Somewhat happy,Somewhat satisfied,Somewhat satisfied,Somewhat satisfied,Somewhat satisfied,Just a few
Very happy,Very satisfied,Somewhat satisfied,Very satisfied,Very satisfied,A fair amount
Very happy,Very satisfied,Very satisfied,Very satisfied,Very satisfied,A lot
Somewhat happy,Very dissatisfied,Somewhat satisfied,Very dissatisfied,Very dissatisfied,A lot
Very happy,Very satisfied,Somewhat satisfied,Somewhat satisfied,Very satisfied,A fair amount
Very happy,Very satisfied,Very satisfied,Very satisfied,Very satisfied,A lot
Very happy,Very satisfied,Somewhat dissatisfied,Very satisfied,Somewhat satisfied,A lot
Very happy,Declined to answer,Very dissatisfied,Somewhat dissatisfied,Somewhat dissatisfied,No one
Very happy,Very satisfied,Very satisfied,Very satisfied,Very satisfied,A lot
Somewhat happy,Very satisfied,Somewhat satisfied,Somewhat satisfied,Somewhat satisfied,Just a few
Very happy,Very satisfied,Very satisfied,Very satisfied,Very satisfied,A lot
Somewhat happy,Somewhat satisfied,Somewhat satisfied,Very satisfied,Somewhat satisfied,A fair amount
Very happy,Very satisfied,Very satisfied,Very satisfied,Very satisfied,Just a few
Very happy,Somewhat satisfied,Very satisfied,Somewhat satisfied,Somewhat satisfied,A lot
Very happy,Very satisfied,Somewhat satisfied,Somewhat satisfied,Somewhat satisfied,A fair amount
Very happy,Very satisfied,Very satisfied,Declined to answer,Very satisfied,A fair amount
Very happy,Very satisfied,Somewhat dissatisfied,Somewhat satisfied,Very satisfied,A lot
Somewhat happy,Very satisfied,Somewhat satisfied,Very satisfied,Somewhat satisfied,A lot
Somewhat happy,Very satisfied,Very dissatisfied,Somewhat satisfied,Very satisfied,No one
Somewhat happy,Somewhat satisfied,Somewhat dissatisfied,Somewhat dissatisfied,Somewhat dissatisfied,Just a few
Very happy,Somewhat satisfied,Somewhat satisfied,Very satisfied,Somewhat dissatisfied,A fair amount
Very happy,Somewhat dissatisfied,Somewhat dissatisfied,Very satisfied,Very satisfied,No one
Very happy,Very satisfied,Very satisfied,Somewhat satisfied,Very satisfied,A lot
Very happy,Very satisfied,Somewhat satisfied,Somewhat satisfied,Somewhat satisfied,A lot
Very happy,Very satisfied,Very dissatisfied,Very satisfied,Very satisfied,A lot
Very happy,Very satisfied,Somewhat satisfied,Somewhat satisfied,Somewhat satisfied,A lot
Very happy,Very satisfied,Very satisfied,Very satisfied,Very satisfied,Just a few
Very happy,Very satisfied,Somewhat satisfied,Very satisfied,Very satisfied,A lot
Somewhat happy,Very satisfied,Somewhat satisfied,Somewhat satisfied,Very satisfied,A fair amount
Very happy,Very satisfied,Somewhat satisfied,Very satisfied,Very satisfied,A lot
Somewhat happy,Somewhat satisfied,Somewhat satisfied,Somewhat satisfied,Somewhat dissatisfied,A fair amount
Somewhat happy,Somewhat satisfied,Somewhat satisfied,Somewhat satisfied,Somewhat satisfied,Just a few
Very happy,Somewhat satisfied,Very satisfied,Very satisfied,Very satisfied,Just a few
Somewhat happy,Very satisfied,Somewhat satisfied,Somewhat satisfied,Very satisfied,A fair amount
Not too happy,Somewhat dissatisfied,Somewhat satisfied,Somewhat dissatisfied,Somewhat satisfied,Just a few
Very happy,Very satisfied,Somewhat satisfied,Very satisfied,Very dissatisfied,Just a few
Very happy,Very satisfied,Very satisfied,Very satisfied,Very satisfied,A fair amount
Very happy,Very satisfied,Somewhat satisfied,Very satisfied,Somewhat satisfied,A lot
Very happy,Very satisfied,Somewhat satisfied,Somewhat satisfied,Very satisfied,A lot
Somewhat happy,Very satisfied,Somewhat satisfied,Somewhat satisfied,Very satisfied,A lot
Somewhat happy,Somewhat satisfied,Very satisfied,Somewhat satisfied,Somewhat satisfied,Just a few
Not too happy,Somewhat dissatisfied,Very dissatisfied,Somewhat dissatisfied,Somewhat dissatisfied,A fair amount
Somewhat happy,Somewhat satisfied,Somewhat satisfied,Somewhat satisfied,Somewhat satisfied,Just a few
Somewhat happy,Somewhat satisfied,Somewhat satisfied,Somewhat satisfied,Very satisfied,A fair amount
Somewhat happy,Not sure,Somewhat dissatisfied,Somewhat satisfied,Declined to answer,Just a few
Somewhat happy,Very satisfied,Somewhat satisfied,Very satisfied,Somewhat satisfied,Just a few
Very happy,Very satisfied,Very satisfied,Very satisfied,Very satisfied,A lot
Very happy,Very satisfied,Very satisfied,Very satisfied,Very satisfied,A lot
Very happy,Somewhat dissatisfied,Somewhat satisfied,Somewhat satisfied,Somewhat dissatisfied,A lot
Very happy,Very satisfied,Very satisfied,Very satisfied,Very satisfied,A fair amount
Very happy,Very satisfied,Very satisfied,Somewhat dissatisfied,Very satisfied,A fair amount
Somewhat happy,Very satisfied,Somewhat satisfied,Very dissatisfied,Somewhat satisfied,A fair amount
Very happy,Somewhat satisfied,Somewhat satisfied,Very satisfied,Very satisfied,A fair amount
Very happy,Very satisfied,Very dissatisfied,Somewhat dissatisfied,Very dissatisfied,No one
Very happy,Very satisfied,Very satisfied,Somewhat satisfied,Very satisfied,A lot
Somewhat happy,Somewhat satisfied,Very dissatisfied,Very dissatisfied,Somewhat satisfied,Just a few
Somewhat happy,Very satisfied,Somewhat satisfied,Very satisfied,Very satisfied,A fair amount
Somewhat happy,Very satisfied,Somewhat dissatisfied,Very satisfied,Very satisfied,A lot
Very happy,Somewhat satisfied,Somewhat satisfied,Very dissatisfied,Somewhat dissatisfied,No one
Very happy,Very satisfied,Very satisfied,Very satisfied,Very satisfied,A fair amount
Very happy,Very satisfied,Somewhat satisfied,Very satisfied,Very satisfied,A fair amount
Somewhat happy,Very satisfied,Somewhat satisfied,Very satisfied,Somewhat satisfied,A fair amount
Somewhat happy,Very satisfied,Somewhat satisfied,Somewhat satisfied,Somewhat dissatisfied,A fair amount
Somewhat happy,Very satisfied,Very dissatisfied,Somewhat dissatisfied,Somewhat satisfied,No one
Not too happy,Somewhat dissatisfied,Somewhat dissatisfied,Very dissatisfied,Very dissatisfied,No one
Somewhat happy,Very satisfied,Somewhat satisfied,Somewhat satisfied,Very satisfied,A fair amount
Very happy,Very satisfied,Somewhat satisfied,Very satisfied,Very satisfied,A fair amount
Very happy,Very satisfied,Very satisfied,Somewhat satisfied,Very satisfied,Just a few
Somewhat happy,Very satisfied,Declined to answer,Very satisfied,Very satisfied,A fair amount
Somewhat happy,Very satisfied,Very satisfied,Somewhat satisfied,Very satisfied,Just a few
Very happy,Somewhat satisfied,Very satisfied,Very satisfied,Somewhat dissatisfied,A lot
Very happy,Very satisfied,Very satisfied,Very satisfied,Very satisfied,A fair amount
Very happy,Very satisfied,Very satisfied,Very satisfied,Very satisfied,A fair amount
Somewhat happy,Very satisfied,Somewhat satisfied,Very satisfied,Very satisfied,Just a few
Somewhat happy,Very satisfied,Somewhat dissatisfied,Somewhat satisfied,Somewhat satisfied,A fair amount
Somewhat happy,Somewhat dissatisfied,Somewhat dissatisfied,Somewhat satisfied,Very dissatisfied,No one
Not too happy,Very satisfied,Very satisfied,Very satisfied,Somewhat satisfied,Just a few
Somewhat happy,Very satisfied,Somewhat satisfied,Somewhat satisfied,Somewhat satisfied,Just a few
Somewhat happy,Very satisfied,Very satisfied,Very satisfied,Very satisfied,A lot
Very happy,Very satisfied,Somewhat satisfied,Somewhat satisfied,Somewhat satisfied,Just a few
Somewhat happy,Very satisfied,Very dissatisfied,Somewhat satisfied,Somewhat satisfied,Just a few
Somewhat happy,Very satisfied,Somewhat satisfied,Somewhat dissatisfied,Somewhat satisfied,Just a few
Very happy,Very satisfied,Very satisfied,Very satisfied,Very satisfied,A fair amount
Very happy,Very satisfied,Somewhat satisfied,Very satisfied,Very satisfied,A lot
Very happy,Very satisfied,Somewhat satisfied,Very satisfied,Very satisfied,A fair amount
Somewhat happy,Somewhat satisfied,Somewhat dissatisfied,Somewhat satisfied,Somewhat satisfied,A fair amount
Somewhat happy,Very satisfied,Somewhat satisfied,Somewhat dissatisfied,Very satisfied,A lot
Somewhat happy,Very satisfied,Somewhat satisfied,Somewhat satisfied,Very satisfied,Just a few
Somewhat happy,Somewhat dissatisfied,Very satisfied,Very satisfied,Very satisfied,No one
Very happy,Very satisfied,Somewhat satisfied,Very satisfied,Very satisfied,Just a few
Somewhat happy,Very satisfied,Very satisfied,Very satisfied,Very satisfied,Just a few
Very happy,Very satisfied,Somewhat satisfied,Somewhat satisfied,Very satisfied,A lot
Very happy,Very satisfied,Somewhat satisfied,Somewhat satisfied,Somewhat satisfied,A fair amount
Very happy,Very satisfied,Somewhat satisfied,Somewhat satisfied,Very satisfied,A fair amount
Very happy,Somewhat satisfied,Somewhat dissatisfied,Very satisfied,Very satisfied,A fair amount
Very happy,Very satisfied,Somewhat satisfied,Very satisfied,Very satisfied,A fair amount
Very happy,Somewhat dissatisfied,Somewhat satisfied,Very satisfied,Very satisfied,Just a few
Not too happy,Very satisfied,Somewhat dissatisfied,Very dissatisfied,Very dissatisfied,Just a few
Very happy,Very satisfied,Somewhat dissatisfied,Declined to answer,Very satisfied,A fair amount
Very happy,Very satisfied,Somewhat satisfied,Somewhat satisfied,Somewhat satisfied,A fair amount
Very happy,Very satisfied,Somewhat satisfied,Somewhat dissatisfied,Somewhat satisfied,Just a few
Very happy,Very satisfied,Very satisfied,Very satisfied,Very satisfied,Just a few
Somewhat happy,Somewhat dissatisfied,Somewhat dissatisfied,Very dissatisfied,Somewhat dissatisfied,Just a few
Not too happy,Very dissatisfied,Somewhat satisfied,Somewhat satisfied,Somewhat satisfied,Just a few
Somewhat happy,Very satisfied,Somewhat dissatisfied,Somewhat dissatisfied,Somewhat dissatisfied,A lot
Very happy,Very satisfied,Very satisfied,Very satisfied,Very satisfied,A lot
Very happy,Very satisfied,Very satisfied,Very satisfied,Very satisfied,A lot
Somewhat happy,Somewhat satisfied,Very satisfied,Somewhat satisfied,Very satisfied,A fair amount
Very happy,Very satisfied,Very satisfied,Very satisfied,Somewhat satisfied,No one
Very happy,Somewhat satisfied,Somewhat satisfied,Very satisfied,Somewhat satisfied,A fair amount
Somewhat happy,Very satisfied,Somewhat satisfied,Somewhat satisfied,Very satisfied,A fair amount
Somewhat happy,Somewhat satisfied,Somewhat satisfied,Very dissatisfied,Very satisfied,A fair amount
Somewhat happy,Somewhat satisfied,Somewhat dissatisfied,Somewhat satisfied,Somewhat satisfied,Just a few
Very happy,Very satisfied,Very satisfied,Very satisfied,Very satisfied,A fair amount
Not sure,Very satisfied,Very satisfied,Very satisfied,Very satisfied,Just a few
Somewhat happy,Somewhat satisfied,Somewhat dissatisfied,Somewhat satisfied,Somewhat dissatisfied,Just a few
Somewhat happy,Very satisfied,Somewhat dissatisfied,Somewhat satisfied,Somewhat satisfied,A lot
Very happy,Very satisfied,Somewhat satisfied,Somewhat satisfied,Somewhat dissatisfied,A lot
Not too happy,Very dissatisfied,Very dissatisfied,Declined to answer,Somewhat satisfied,Declined to answer
Very happy,Very satisfied,Very satisfied,Very satisfied,Very satisfied,A lot
Somewhat happy,Very satisfied,Very satisfied,Very satisfied,Very satisfied,A lot
Somewhat happy,Somewhat dissatisfied,Somewhat dissatisfied,Somewhat dissatisfied,Somewhat dissatisfied,Just a few
Very happy,Very satisfied,Somewhat satisfied,Very dissatisfied,Very satisfied,A fair amount
Very happy,Very satisfied,Very satisfied,Very satisfied,Very satisfied,A lot
Very happy,Somewhat satisfied,Very dissatisfied,Very dissatisfied,Very dissatisfied,Just a few
Very happy,Somewhat satisfied,Very satisfied,Somewhat satisfied,Very satisfied,A fair amount
Somewhat happy,Very satisfied,Somewhat dissatisfied,Somewhat satisfied,Somewhat satisfied,Just a few
Very happy,Very satisfied,Somewhat satisfied,Very satisfied,Somewhat satisfied,A fair amount
Somewhat happy,Very satisfied,Somewhat satisfied,Somewhat satisfied,Somewhat satisfied,A fair amount
Very happy,Very satisfied,Very satisfied,Somewhat satisfied,Somewhat satisfied,A lot
Somewhat happy,Somewhat satisfied,Somewhat satisfied,Somewhat satisfied,Somewhat satisfied,Just a few
Very happy,Very satisfied,Somewhat satisfied,Very satisfied,Very satisfied,A fair amount
Very happy,Very satisfied,Very satisfied,Very satisfied,Very satisfied,A lot
Not too happy,Very satisfied,Very dissatisfied,Very dissatisfied,Somewhat satisfied,Just a few
Somewhat happy,Very satisfied,Somewhat satisfied,Somewhat dissatisfied,Very satisfied,A fair amount
Very happy,Very satisfied,Very satisfied,Very satisfied,Very satisfied,A lot
Somewhat happy,Somewhat satisfied,Somewhat satisfied,Very satisfied,Very satisfied,No one
Not too happy,Very satisfied,Somewhat satisfied,Somewhat satisfied,Somewhat dissatisfied,Just a few
Very happy,Very satisfied,Very satisfied,Very satisfied,Very satisfied,Just a few
Very happy,Very satisfied,Very satisfied,Very satisfied,Very satisfied,A fair amount
Very happy,Very satisfied,Somewhat satisfied,Very satisfied,Very satisfied,No one
Very happy,Very satisfied,Somewhat satisfied,Somewhat satisfied,Very satisfied,No one
Somewhat happy,Very satisfied,Very satisfied,Very satisfied,Somewhat satisfied,A lot
Very happy,Very satisfied,Very satisfied,Very satisfied,Very satisfied,A lot
Very happy,Very satisfied,Somewhat satisfied,Very satisfied,Very satisfied,A lot
Somewhat happy,Very satisfied,Somewhat satisfied,Very satisfied,Very satisfied,A fair amount
Somewhat happy,Somewhat satisfied,Somewhat satisfied,Very satisfied,Somewhat satisfied,Just a few
Very happy,Very satisfied,Very satisfied,Very satisfied,Very satisfied,A lot
Somewhat happy,Very satisfied,Somewhat satisfied,Very satisfied,Somewhat dissatisfied,Just a few
Somewhat happy,Very satisfied,Somewhat dissatisfied,Very dissatisfied,Very dissatisfied,A fair amount
Somewhat happy,Very satisfied,Somewhat satisfied,Somewhat dissatisfied,Very satisfied,A fair amount
Very happy,Very satisfied,Somewhat satisfied,Very satisfied,Very satisfied,Just a few
Not too happy,Somewhat satisfied,Somewhat satisfied,Somewhat satisfied,Very dissatisfied,No one
Not too happy,Somewhat satisfied,Somewhat dissatisfied,Somewhat satisfied,Somewhat dissatisfied,A lot
Not too happy,Somewhat dissatisfied,Very dissatisfied,Somewhat dissatisfied,Very dissatisfied,No one
Somewhat happy,Declined to answer,Somewhat dissatisfied,Somewhat satisfied,Somewhat satisfied,Just a few
Very happy,Very satisfied,Very satisfied,Very satisfied,Very satisfied,Just a few
Not too happy,Very satisfied,Somewhat satisfied,Very satisfied,Very satisfied,A fair amount
Very happy,Somewhat satisfied,Very satisfied,Very satisfied,Very satisfied,A lot
Very happy,Very satisfied,Very satisfied,Very satisfied,Somewhat dissatisfied,Just a few
Somewhat happy,Very satisfied,Somewhat satisfied,Somewhat satisfied,Somewhat satisfied,Just a few
Somewhat happy,Somewhat satisfied,Somewhat satisfied,Very satisfied,Very satisfied,A lot
Very happy,Very satisfied,Somewhat satisfied,Somewhat satisfied,Very satisfied,Just a few
Very happy,Very satisfied,Very satisfied,Very satisfied,Very satisfied,A fair amount
Very happy,Somewhat satisfied,Very satisfied,Somewhat satisfied,Very satisfied,A lot
Very happy,Very satisfied,Somewhat dissatisfied,Somewhat satisfied,Very satisfied,A fair amount
Somewhat happy,Very satisfied,Somewhat satisfied,Somewhat satisfied,Very satisfied,A lot
Very happy,Very satisfied,Somewhat satisfied,Very satisfied,Very satisfied,A lot
Very happy,Very satisfied,Somewhat satisfied,Declined to answer,Somewhat satisfied,Just a few
Somewhat happy,Somewhat satisfied,Very dissatisfied,Somewhat dissatisfied,Somewhat satisfied,A lot
Not sure,Very satisfied,Somewhat satisfied,Very dissatisfied,Very satisfied,Just a few
Somewhat happy,Somewhat dissatisfied,Very satisfied,Somewhat satisfied,Somewhat satisfied,Just a few
Very happy,Somewhat satisfied,Somewhat satisfied,Somewhat satisfied,Very satisfied,A fair amount
Somewhat happy,Very satisfied,Somewhat satisfied,Very satisfied,Very satisfied,Just a few
Very happy,Very satisfied,Somewhat satisfied,Somewhat satisfied,Very satisfied,A lot
Very happy,Very satisfied,Somewhat satisfied,Somewhat satisfied,Very satisfied,A lot
Very happy,Very satisfied,Somewhat satisfied,Very satisfied,Somewhat satisfied,A fair amount
Very happy,Very satisfied,Very satisfied,Very satisfied,Very satisfied,A fair amount
Very happy,Very satisfied,Somewhat satisfied,Very satisfied,Very satisfied,A lot
Somewhat happy,Very satisfied,Very dissatisfied,Somewhat satisfied,Very dissatisfied,Just a few
Very happy,Very satisfied,Somewhat dissatisfied,Very satisfied,Very satisfied,A fair amount
Very happy,Very satisfied,Somewhat satisfied,Very satisfied,Very satisfied,A lot
Very happy,Very satisfied,Very satisfied,Very satisfied,Very satisfied,A fair amount
Declined to answer,Very satisfied,Somewhat satisfied,Very satisfied,Somewhat satisfied,Just a few
Not too happy,Somewhat satisfied,Very dissatisfied,Somewhat satisfied,Very satisfied,Just a few
Somewhat happy,Somewhat dissatisfied,Somewhat dissatisfied,Somewhat satisfied,Somewhat satisfied,Just a few
Very happy,Very satisfied,Very satisfied,Very satisfied,Very satisfied,A lot
Somewhat happy,Very satisfied,Somewhat satisfied,Very satisfied,Very satisfied,No one
Very happy,Very satisfied,Very satisfied,Very satisfied,Very dissatisfied,A lot
Very happy,Very satisfied,Somewhat satisfied,Very satisfied,Very satisfied,A fair amount
Very happy,Very satisfied,Very satisfied,Declined to answer,Very satisfied,A lot
Very happy,Very satisfied,Somewhat satisfied,Very satisfied,Very satisfied,A fair amount
Very happy,Somewhat satisfied,Somewhat satisfied,Very satisfied,Somewhat satisfied,A fair amount
Very happy,Very satisfied,Somewhat satisfied,Very satisfied,Very dissatisfied,Just a few
Very happy,Very satisfied,Very satisfied,Very satisfied,Very satisfied,A lot
Very happy,Very satisfied,Somewhat satisfied,Very satisfied,Somewhat satisfied,A lot
Very happy,Somewhat satisfied,Very satisfied,Declined to answer,Very satisfied,A lot
Very happy,Very satisfied,Somewhat satisfied,Very satisfied,Somewhat satisfied,Just a few
Somewhat happy,Very dissatisfied,Somewhat satisfied,Very satisfied,Very satisfied,A lot
Somewhat happy,Somewhat satisfied,Somewhat satisfied,Very satisfied,Very satisfied,Just a few
Very happy,Very satisfied,Somewhat satisfied,Somewhat satisfied,Very satisfied,A fair amount
Very happy,Somewhat satisfied,Somewhat satisfied,Very satisfied,Somewhat satisfied,Just a few
Somewhat happy,Very satisfied,Somewhat satisfied,Somewhat satisfied,Very satisfied,Not sure
Somewhat happy,Somewhat satisfied,Somewhat satisfied,Somewhat dissatisfied,Somewhat satisfied,Just a few
Very happy,Very satisfied,Somewhat satisfied,Somewhat satisfied,Somewhat satisfied,Just a few
Very happy,Very satisfied,Very satisfied,Very satisfied,Very satisfied,A fair amount
Very happy,Very satisfied,Somewhat satisfied,Somewhat satisfied,Very satisfied,A lot
Very happy,Very satisfied,Somewhat satisfied,Very satisfied,Very satisfied,Just a few
Very happy,Very satisfied,Very satisfied,Very satisfied,Very satisfied,A lot
Somewhat happy,Somewhat dissatisfied,Somewhat satisfied,Somewhat satisfied,Somewhat satisfied,A fair amount
Somewhat happy,Somewhat satisfied,Very satisfied,Very satisfied,Very satisfied,Just a few
Somewhat happy,Somewhat satisfied,Somewhat satisfied,Somewhat satisfied,Somewhat satisfied,Just a few
Very happy,Very satisfied,Very satisfied,Very satisfied,Somewhat satisfied,Just a few
Very happy,Very satisfied,Very satisfied,Declined to answer,Very satisfied,Declined to answer
Somewhat happy,Very satisfied,Somewhat satisfied,Very dissatisfied,Very satisfied,Just a few
Somewhat happy,Very satisfied,Somewhat satisfied,Somewhat satisfied,Somewhat satisfied,Just a few
Not too happy,Very satisfied,Somewhat satisfied,Very satisfied,Very satisfied,Just a few
Somewhat happy,Very satisfied,Very dissatisfied,Somewhat satisfied,Very dissatisfied,Just a few
Somewhat happy,Somewhat satisfied,Somewhat satisfied,Very satisfied,Very dissatisfied,Just a few
Very happy,Somewhat satisfied,Very dissatisfied,Declined to answer,Very dissatisfied,Just a few
Somewhat happy,Somewhat dissatisfied,Somewhat dissatisfied,Very satisfied,Very satisfied,A fair amount
Somewhat happy,Somewhat satisfied,Somewhat dissatisfied,Very dissatisfied,Very satisfied,A fair amount
Not too happy,Somewhat satisfied,Somewhat dissatisfied,Somewhat dissatisfied,Very dissatisfied,Just a few
Somewhat happy,Very satisfied,Somewhat dissatisfied,Somewhat satisfied,Somewhat satisfied,Just a few
Somewhat happy,Somewhat dissatisfied,Very dissatisfied,Somewhat satisfied,Somewhat satisfied,Just a few
Not too happy,Very dissatisfied,Somewhat dissatisfied,Somewhat dissatisfied,Somewhat satisfied,No one
Very happy,Very satisfied,Very dissatisfied,Very satisfied,Very satisfied,Just a few
Not too happy,Somewhat dissatisfied,Very dissatisfied,Very dissatisfied,Somewhat satisfied,Just a few
Not too happy,Somewhat dissatisfied,Very dissatisfied,Somewhat dissatisfied,Very dissatisfied,Just a few
Somewhat happy,Somewhat dissatisfied,Very dissatisfied,Somewhat dissatisfied,Somewhat dissatisfied,No one
Not too happy,Declined to answer,Somewhat satisfied,Very satisfied,Very dissatisfied,No one
Not too happy,Somewhat dissatisfied,Somewhat dissatisfied,Very satisfied,Somewhat satisfied,Just a few
Somewhat happy,Somewhat dissatisfied,Somewhat dissatisfied,Somewhat satisfied,Somewhat dissatisfied,Just a few
Somewhat happy,Somewhat dissatisfied,Very satisfied,Very satisfied,Very satisfied,Just a few
Not too happy,Very dissatisfied,Very satisfied,Very satisfied,Very satisfied,A fair amount
Somewhat happy,Somewhat dissatisfied,Somewhat satisfied,Somewhat satisfied,Very satisfied,Just a few
Somewhat happy,Very satisfied,Somewhat dissatisfied,Somewhat satisfied,Very dissatisfied,Just a few
Not too happy,Somewhat dissatisfied,Somewhat dissatisfied,Somewhat satisfied,Somewhat satisfied,A fair amount
Somewhat happy,Very dissatisfied,Very dissatisfied,Somewhat dissatisfied,Very dissatisfied,Just a few
Not too happy,Somewhat satisfied,Somewhat dissatisfied,Somewhat dissatisfied,Somewhat dissatisfied,A lot
Somewhat happy,Not sure,Very dissatisfied,Somewhat satisfied,Very dissatisfied,A fair amount
Not too happy,Somewhat dissatisfied,Very dissatisfied,Somewhat dissatisfied,Very satisfied,Just a few
Not too happy,Somewhat dissatisfied,Very dissatisfied,Somewhat dissatisfied,Very satisfied,No one
Very happy,Very satisfied,Very satisfied,Very satisfied,Very satisfied,No one
Somewhat happy,Somewhat dissatisfied,Somewhat satisfied,Very dissatisfied,Very satisfied,Just a few
Somewhat happy,Very satisfied,Somewhat satisfied,Not sure,Somewhat satisfied,Just a few
Not too happy,Somewhat dissatisfied,Very satisfied,Very satisfied,Very satisfied,Just a few
Somewhat happy,Very dissatisfied,Somewhat dissatisfied,Very dissatisfied,Somewhat dissatisfied,Just a few
Not too happy,Somewhat satisfied,Somewhat satisfied,Somewhat satisfied,Very dissatisfied,Just a few
Somewhat happy,Somewhat satisfied,Very dissatisfied,Somewhat dissatisfied,Very satisfied,Just a few
Somewhat happy,Somewhat satisfied,Very satisfied,Somewhat satisfied,Somewhat satisfied,No one
Very happy,Very satisfied,Somewhat dissatisfied,Somewhat satisfied,Somewhat satisfied,Just a few
Very happy,Very dissatisfied,Somewhat satisfied,Very satisfied,Somewhat satisfied,Just a few
Somewhat happy,Somewhat dissatisfied,Very satisfied,Very dissatisfied,Somewhat satisfied,Just a few
Somewhat happy,Somewhat satisfied,Very dissatisfied,Very dissatisfied,Somewhat satisfied,Just a few
Not too happy,Somewhat dissatisfied,Somewhat dissatisfied,Very dissatisfied,Somewhat dissatisfied,Just a few
Somewhat happy,Somewhat satisfied,Somewhat satisfied,Somewhat dissatisfied,Very dissatisfied,Just a few
Very happy,Somewhat dissatisfied,Somewhat dissatisfied,Somewhat dissatisfied,Somewhat dissatisfied,Just a few
Somewhat happy,Somewhat satisfied,Very dissatisfied,Very dissatisfied,Somewhat dissatisfied,Just a few
Somewhat happy,Somewhat satisfied,Somewhat satisfied,Somewhat dissatisfied,Very satisfied,No one
Somewhat happy,Very dissatisfied,Declined to answer,Very satisfied,Somewhat satisfied,Just a few
Not too happy,Somewhat satisfied,Somewhat satisfied,Very dissatisfied,Very satisfied,Just a few
Somewhat happy,Very satisfied,Somewhat satisfied,Very dissatisfied,Somewhat satisfied,A lot
Not too happy,Somewhat dissatisfied,Very dissatisfied,Very dissatisfied,Very dissatisfied,Just a few
Somewhat happy,Somewhat satisfied,Somewhat dissatisfied,Somewhat satisfied,Very satisfied,Just a few
Not too happy,Very satisfied,Somewhat satisfied,Very dissatisfied,Somewhat dissatisfied,No one
Very happy,Very dissatisfied,Very dissatisfied,Somewhat satisfied,Somewhat dissatisfied,No one
Somewhat happy,Somewhat satisfied,Very dissatisfied,Very dissatisfied,Somewhat satisfied,No one
Somewhat happy,Somewhat satisfied,Somewhat dissatisfied,Very dissatisfied,Somewhat dissatisfied,A fair amount
Somewhat happy,Somewhat satisfied,Somewhat dissatisfied,Somewhat satisfied,Somewhat dissatisfied,Just a few
Not too happy,Very satisfied,Very dissatisfied,Very dissatisfied,Very satisfied,Just a few
Somewhat happy,Somewhat dissatisfied,Very dissatisfied,Declined to answer,Somewhat dissatisfied,Just a few
Somewhat happy,Very satisfied,Very dissatisfied,Very dissatisfied,Very dissatisfied,Just a few
Somewhat happy,Very satisfied,Very dissatisfied,Very dissatisfied,Somewhat dissatisfied,A fair amount
Somewhat happy,Somewhat satisfied,Somewhat dissatisfied,Somewhat dissatisfied,Very dissatisfied,Just a few
Somewhat happy,Very satisfied,Somewhat satisfied,Very dissatisfied,Very satisfied,Just a few
Not too happy,Somewhat dissatisfied,Very dissatisfied,Very dissatisfied,Somewhat dissatisfied,No one
Not too happy,Very satisfied,Somewhat satisfied,Very satisfied,Somewhat satisfied,No one
Somewhat happy,Somewhat satisfied,Very satisfied,Very satisfied,Very satisfied,Just a few
Somewhat happy,Somewhat satisfied,Somewhat dissatisfied,Somewhat satisfied,Very satisfied,No one
Not too happy,Very dissatisfied,Very dissatisfied,Very dissatisfied,Very dissatisfied,Just a few
Somewhat happy,Very satisfied,Somewhat satisfied,Very satisfied,Very satisfied,A lot
Somewhat happy,Somewhat satisfied,Very dissatisfied,Somewhat satisfied,Very dissatisfied,Just a few
Not too happy,Not sure,Very dissatisfied,Very satisfied,Somewhat satisfied,A fair amount
Somewhat happy,Somewhat satisfied,Somewhat dissatisfied,Somewhat dissatisfied,Somewhat satisfied,Just a few
Somewhat happy,Somewhat satisfied,Very dissatisfied,Somewhat dissatisfied,Very satisfied,Just a few
Somewhat happy,Very satisfied,Somewhat dissatisfied,Very satisfied,Very satisfied,A lot
Very happy,Very satisfied,Very satisfied,Somewhat satisfied,Somewhat satisfied,A fair amount
Very happy,Somewhat satisfied,Somewhat dissatisfied,Very satisfied,Somewhat dissatisfied,Just a few
Somewhat happy,Very satisfied,Somewhat satisfied,Very dissatisfied,Very dissatisfied,Just a few
Somewhat happy,Somewhat satisfied,Somewhat satisfied,Somewhat satisfied,Somewhat satisfied,Just a few
Somewhat happy,Somewhat satisfied,Somewhat satisfied,Very satisfied,Very satisfied,A fair amount
Not too happy,Somewhat satisfied,Very satisfied,Very satisfied,Very satisfied,Just a few
Somewhat happy,Somewhat satisfied,Very dissatisfied,Very dissatisfied,Very dissatisfied,Just a few
Very happy,Very satisfied,Somewhat satisfied,Very satisfied,Very satisfied,Just a few
Somewhat happy,Very satisfied,Somewhat satisfied,Somewhat dissatisfied,Very satisfied,A fair amount
Very happy,Somewhat satisfied,Somewhat satisfied,Somewhat satisfied,Very dissatisfied,A fair amount
Very happy,Very satisfied,Somewhat satisfied,Somewhat satisfied,Somewhat satisfied,Just a few
Not too happy,Somewhat dissatisfied,Very dissatisfied,Declined to answer,Very dissatisfied,Just a few
Not too happy,Very dissatisfied,Very dissatisfied,Very dissatisfied,Very dissatisfied,A lot
Somewhat happy,Very satisfied,Somewhat dissatisfied,Somewhat satisfied,Somewhat satisfied,No one
Not too happy,Somewhat satisfied,Somewhat dissatisfied,Somewhat dissatisfied,Somewhat dissatisfied,Just a few
Somewhat happy,Somewhat dissatisfied,Somewhat dissatisfied,Somewhat satisfied,Very satisfied,Just a few
Very happy,Very satisfied,Very satisfied,Very satisfied,Somewhat satisfied,A fair amount
Not too happy,Very satisfied,Very dissatisfied,Somewhat satisfied,Very dissatisfied,Just a few
Not too happy,Somewhat dissatisfied,Somewhat dissatisfied,Somewhat dissatisfied,Somewhat satisfied,Just a few
Very happy,Very satisfied,Very satisfied,Very satisfied,Very satisfied,A fair amount
Very happy,Very satisfied,Somewhat satisfied,Very satisfied,Very satisfied,A lot
Somewhat happy,Somewhat satisfied,Somewhat dissatisfied,Somewhat satisfied,Somewhat satisfied,Just a few
Not sure,Very satisfied,Somewhat satisfied,Very satisfied,Very satisfied,A lot
Somewhat happy,Somewhat satisfied,Very dissatisfied,Somewhat satisfied,Somewhat dissatisfied,A fair amount
Very happy,Somewhat satisfied,Somewhat dissatisfied,Somewhat satisfied,Somewhat satisfied,Just a few
Somewhat happy,Somewhat satisfied,Very satisfied,Somewhat satisfied,Very satisfied,A fair amount
Very happy,Very satisfied,Somewhat satisfied,Somewhat satisfied,Somewhat satisfied,Just a few
Very happy,Very satisfied,Very satisfied,Very satisfied,Somewhat satisfied,A lot
Very happy,Very satisfied,Somewhat satisfied,Declined to answer,Very satisfied,A lot
Declined to answer,Very satisfied,Very dissatisfied,Very dissatisfied,Very satisfied,Just a few
Very happy,Very satisfied,Very satisfied,Very satisfied,Very satisfied,A lot
Very happy,Very satisfied,Somewhat satisfied,Very satisfied,Somewhat satisfied,A lot
Somewhat happy,Somewhat satisfied,Somewhat satisfied,Somewhat satisfied,Somewhat satisfied,A fair amount
Somewhat happy,Very satisfied,Very dissatisfied,Very dissatisfied,Somewhat satisfied,Just a few
Somewhat happy,Very satisfied,Somewhat satisfied,Somewhat satisfied,Very satisfied,Just a few
Somewhat happy,Very dissatisfied,Somewhat satisfied,Somewhat satisfied,Very satisfied,No one
Very happy,Somewhat satisfied,Somewhat satisfied,Very satisfied,Very satisfied,A fair amount
Somewhat happy,Very satisfied,Somewhat satisfied,Somewhat satisfied,Somewhat satisfied,Just a few
Very happy,Somewhat satisfied,Very satisfied,Very satisfied,Somewhat satisfied,Just a few
Very happy,Very satisfied,Somewhat satisfied,Very satisfied,Very satisfied,No one
Somewhat happy,Very satisfied,Very satisfied,Very satisfied,Very satisfied,A fair amount
Not too happy,Somewhat satisfied,Very dissatisfied,Very dissatisfied,Very satisfied,Just a few
Not too happy,Somewhat satisfied,Somewhat satisfied,Very satisfied,Somewhat dissatisfied,A lot
Somewhat happy,Very satisfied,Somewhat satisfied,Very satisfied,Very satisfied,A lot
Somewhat happy,Somewhat satisfied,Somewhat satisfied,Very satisfied,Somewhat satisfied,A fair amount
Somewhat happy,Somewhat satisfied,Somewhat satisfied,Somewhat satisfied,Very satisfied,A lot
Very happy,Very satisfied,Very satisfied,Very satisfied,Very satisfied,A fair amount
Not too happy,Very satisfied,Very dissatisfied,Very dissatisfied,Somewhat dissatisfied,A lot
Very happy,Very satisfied,Very satisfied,Very satisfied,Very satisfied,A lot
Somewhat happy,Very satisfied,Somewhat satisfied,Very satisfied,Very satisfied,Just a few
Very happy,Very satisfied,Somewhat satisfied,Very satisfied,Very satisfied,A fair amount
Very happy,Very satisfied,Very satisfied,Very satisfied,Very satisfied,A lot
Very happy,Very satisfied,Very satisfied,Very satisfied,Very satisfied,A lot
Very happy,Very satisfied,Very satisfied,Very satisfied,Very satisfied,A lot
Very happy,Very satisfied,Very satisfied,Very satisfied,Very satisfied,A fair amount
Not too happy,Very satisfied,Very satisfied,Very satisfied,Very satisfied,Just a few
Very happy,Very satisfied,Very satisfied,Very satisfied,Very satisfied,A lot
Somewhat happy,Somewhat satisfied,Somewhat satisfied,Somewhat satisfied,Somewhat satisfied,A fair amount
Very happy,Very satisfied,Somewhat satisfied,Declined to answer,Very satisfied,A fair amount
Very happy,Very satisfied,Very satisfied,Declined to answer,Very satisfied,A lot
Somewhat happy,Very satisfied,Somewhat satisfied,Very satisfied,Very satisfied,Just a few
Very happy,Very satisfied,Very satisfied,Very satisfied,Very satisfied,A lot
Somewhat happy,Very satisfied,Somewhat satisfied,Very satisfied,Very satisfied,Just a few
Very happy,Very satisfied,Very satisfied,Very satisfied,Somewhat satisfied,A fair amount
Very happy,Very satisfied,Very satisfied,Very satisfied,Very satisfied,A fair amount
Very happy,Very satisfied,Very satisfied,Not sure,Very satisfied,A lot
Somewhat happy,Very satisfied,Very dissatisfied,Somewhat dissatisfied,Very satisfied,Just a few
Very happy,Somewhat satisfied,Somewhat satisfied,Very satisfied,Very satisfied,A fair amount
Very happy,Very satisfied,Very satisfied,Very satisfied,Very satisfied,A lot
Somewhat happy,Somewhat satisfied,Somewhat satisfied,Very satisfied,Very satisfied,A fair amount
Very happy,Very satisfied,Very dissatisfied,Somewhat satisfied,Very satisfied,A lot
Somewhat happy,Very satisfied,Somewhat satisfied,Somewhat dissatisfied,Somewhat satisfied,Just a few
Very happy,Very satisfied,Somewhat dissatisfied,Very dissatisfied,Very satisfied,A lot
Not too happy,Very satisfied,Somewhat dissatisfied,Somewhat dissatisfied,Somewhat satisfied,No one
Very happy,Very satisfied,Very satisfied,Very satisfied,Very satisfied,A lot
Somewhat happy,Declined to answer,Very satisfied,Very satisfied,Very satisfied,A fair amount
Somewhat happy,Very satisfied,Somewhat dissatisfied,Somewhat satisfied,Very satisfied,A fair amount
Very happy,Very satisfied,Very satisfied,Very satisfied,Very satisfied,A lot
Somewhat happy,Very satisfied,Somewhat satisfied,Very satisfied,Very satisfied,No one
Very happy,Very satisfied,Somewhat satisfied,Very satisfied,Very satisfied,A fair amount
Somewhat happy,Somewhat satisfied,Very satisfied,Somewhat satisfied,Very satisfied,A lot
Very happy,Very satisfied,Very satisfied,Very satisfied,Very satisfied,A lot
Very happy,Very satisfied,Very satisfied,Very satisfied,Very dissatisfied,A lot
Very happy,Very satisfied,Somewhat dissatisfied,Somewhat satisfied,Very satisfied,Just a few
Very happy,Very satisfied,Very satisfied,Very satisfied,Very satisfied,A fair amount
Somewhat happy,Somewhat satisfied,Somewhat satisfied,Somewhat satisfied,Somewhat satisfied,No one
Very happy,Very satisfied,Very satisfied,Very satisfied,Very satisfied,A fair amount
Somewhat happy,Very satisfied,Somewhat dissatisfied,Somewhat dissatisfied,Somewhat satisfied,Just a few
Very happy,Somewhat satisfied,Very satisfied,Very satisfied,Very satisfied,A lot
Not too happy,Somewhat satisfied,Somewhat satisfied,Somewhat dissatisfied,Very satisfied,No one
Very happy,Very satisfied,Very satisfied,Very satisfied,Somewhat satisfied,A lot
Very happy,Somewhat dissatisfied,Very satisfied,Very satisfied,Somewhat satisfied,Just a few
Very happy,Very satisfied,Very satisfied,Very satisfied,Somewhat satisfied,A fair amount
Not too happy,Very satisfied,Very dissatisfied,Somewhat dissatisfied,Very satisfied,Just a few
Somewhat happy,Very satisfied,Somewhat dissatisfied,Very satisfied,Very satisfied,A lot
Very happy,Very satisfied,Somewhat satisfied,Very satisfied,Very satisfied,A lot
Not too happy,Very satisfied,Very satisfied,Very satisfied,Very satisfied,Just a few
Very happy,Very satisfied,Very satisfied,Very satisfied,Very satisfied,Just a few
Very happy,Very satisfied,Somewhat satisfied,Very satisfied,Very satisfied,A fair amount
Not too happy,Very satisfied,Not sure,Somewhat satisfied,Somewhat satisfied,Just a few
Somewhat happy,Very satisfied,Somewhat dissatisfied,Somewhat satisfied,Somewhat satisfied,Just a few
Somewhat happy,Very satisfied,Somewhat satisfied,Very satisfied,Very satisfied,A lot
Very happy,Very satisfied,Somewhat dissatisfied,Declined to answer,Somewhat satisfied,Just a few
Somewhat happy,Very satisfied,Somewhat satisfied,Very dissatisfied,Very satisfied,No one
Somewhat happy,Somewhat satisfied,Somewhat satisfied,Somewhat satisfied,Somewhat satisfied,A fair amount
Somewhat happy,Somewhat satisfied,Somewhat satisfied,Somewhat satisfied,Somewhat satisfied,Just a few
Very happy,Very satisfied,Somewhat satisfied,Very satisfied,Very dissatisfied,A fair amount
Very happy,Very satisfied,Very dissatisfied,Somewhat satisfied,Not sure,A lot
Somewhat happy,Somewhat satisfied,Somewhat dissatisfied,Somewhat satisfied,Somewhat satisfied,Just a few
Very happy,Somewhat satisfied,Very satisfied,Very satisfied,Very satisfied,A fair amount
Somewhat happy,Somewhat satisfied,Somewhat satisfied,Very satisfied,Very satisfied,Just a few
Very happy,Somewhat satisfied,Somewhat satisfied,Somewhat satisfied,Very satisfied,A fair amount
Not too happy,Somewhat satisfied,Very satisfied,Somewhat satisfied,Very satisfied,No one
Somewhat happy,Somewhat satisfied,Somewhat satisfied,Very satisfied,Somewhat satisfied,A fair amount
Very happy,Very satisfied,Very satisfied,Very satisfied,Very satisfied,A lot
Very happy,Very satisfied,Somewhat satisfied,Very satisfied,Very satisfied,A fair amount
Very happy,Very satisfied,Very satisfied,Very satisfied,Very satisfied,Just a few
Somewhat happy,Very satisfied,Somewhat satisfied,Very satisfied,Very satisfied,Just a few
Somewhat happy,Very satisfied,Very satisfied,Very satisfied,Very satisfied,A lot
Very happy,Very satisfied,Very satisfied,Very satisfied,Very satisfied,A lot
Somewhat happy,Very satisfied,Somewhat satisfied,Very satisfied,Very satisfied,A fair amount
Somewhat happy,Very satisfied,Somewhat dissatisfied,Somewhat dissatisfied,Very satisfied,Just a few
Somewhat happy,Very satisfied,Very dissatisfied,Very satisfied,Very satisfied,A lot
Somewhat happy,Very satisfied,Somewhat satisfied,Very satisfied,Very satisfied,No one
Somewhat happy,Somewhat satisfied,Very satisfied,Somewhat satisfied,Very satisfied,Just a few
Very happy,Very satisfied,Very dissatisfied,Very dissatisfied,Very dissatisfied,Just a few
Somewhat happy,Somewhat satisfied,Very dissatisfied,Somewhat dissatisfied,Very dissatisfied,Just a few
Very happy,Very satisfied,Somewhat satisfied,Very satisfied,Very satisfied,A lot
Very happy,Somewhat satisfied,Very dissatisfied,Very satisfied,Very satisfied,Just a few
Somewhat happy,Somewhat satisfied,Somewhat satisfied,Somewhat dissatisfied,Somewhat satisfied,A fair amount
Somewhat happy,Very satisfied,Very dissatisfied,Very dissatisfied,Somewhat dissatisfied,Just a few
Not too happy,Very satisfied,Very satisfied,Somewhat satisfied,Very satisfied,A fair amount
Not too happy,Somewhat satisfied,Very satisfied,Somewhat satisfied,Somewhat satisfied,Just a few
Not sure,Very satisfied,Very satisfied,Very satisfied,Somewhat satisfied,A fair amount
Very happy,Very satisfied,Very satisfied,Declined to answer,Very satisfied,A fair amount
Somewhat happy,Very satisfied,Very satisfied,Very satisfied,Very satisfied,A lot
Very happy,Very satisfied,Somewhat satisfied,Very satisfied,Very satisfied,A lot
Not too happy,Declined to answer,Somewhat satisfied,Declined to answer,Very satisfied,Just a few
Somewhat happy,Somewhat satisfied,Somewhat satisfied,Very satisfied,Very satisfied,A lot
Somewhat happy,Very satisfied,Somewhat satisfied,Very satisfied,Very satisfied,No one
Very happy,Very satisfied,Somewhat satisfied,Very satisfied,Very satisfied,A fair amount
Very happy,Very satisfied,Very satisfied,Very satisfied,Somewhat satisfied,A lot
Somewhat happy,Very satisfied,Somewhat satisfied,Very satisfied,Very satisfied,Just a few
Very happy,Very satisfied,Very satisfied,Very satisfied,Very satisfied,A lot
Very happy,Very satisfied,Very satisfied,Very satisfied,Very satisfied,A lot
Not too happy,Very dissatisfied,Very dissatisfied,Very dissatisfied,Very satisfied,A lot
Somewhat happy,Not sure,Somewhat satisfied,Somewhat satisfied,Somewhat dissatisfied,Just a few
Somewhat happy,Very satisfied,Somewhat satisfied,Very satisfied,Very satisfied,Just a few
Somewhat happy,Somewhat dissatisfied,Very dissatisfied,Very dissatisfied,Somewhat satisfied,Just a few
Very happy,Very satisfied,Very satisfied,Very satisfied,Very satisfied,A fair amount
Somewhat happy,Very satisfied,Very satisfied,Very satisfied,Very satisfied,Just a few
Not too happy,Very dissatisfied,Very dissatisfied,Somewhat satisfied,Very dissatisfied,Just a few
Somewhat happy,Not sure,Somewhat satisfied,Very satisfied,Somewhat satisfied,Just a few
Very happy,Somewhat satisfied,Very satisfied,Very satisfied,Somewhat satisfied,A lot
Somewhat happy,Very satisfied,Very dissatisfied,Very dissatisfied,Somewhat satisfied,Just a few